
-- @SqlSnippetPriority 400
-- @SqlModuleOrdering 0

-- The following source code ("Code") may only be used in accordance with the terms
-- and conditions of the license agreement you have with IBM Corporation. The Code 
-- is provided to you on an "AS IS" basis, without warranty of any kind.  
-- SUBJECT TO ANY STATUTORY WARRANTIES WHICH CAN NOT BE EXCLUDED, IBM MAKES NO 
-- WARRANTIES OR CONDITIONS EITHER EXPRESS OR IMPLIED, INCLUDING BUT NOT LIMITED 
-- TO, THE IMPLIED WARRANTIES OR CONDITIONS OF MERCHANTABILITY, FITNESS FOR A 
-- PARTICULAR PURPOSE, AND NON-INFRINGEMENT, REGARDING THE CODE. IN NO EVENT WILL 
-- IBM BE LIABLE TO YOU OR ANY PARTY FOR ANY DIRECT, INDIRECT, SPECIAL OR OTHER 
-- CONSEQUENTIAL DAMAGES FOR ANY USE OF THE CODE, INCLUDING, WITHOUT LIMITATION, 
-- LOSS OF, OR DAMAGE TO, DATA, OR LOST PROFITS, BUSINESS, REVENUE, GOODWILL, OR 
-- ANTICIPATED SAVINGS, EVEN IF IBM HAS BEEN ADVISED OF THE POSSIBILITY OF SUCH 
-- DAMAGES. SOME JURISDICTIONS DO NOT ALLOW THE EXCLUSION OR LIMITATION OF 
-- INCIDENTAL OR CONSEQUENTIAL DAMAGES, SO THE ABOVE LIMITATION OR EXCLUSION MAY 
-- NOT APPLY TO YOU.



-- MDM_TODO: CDKWB0044I Review CDDWLCOLUMNTP LOCALE_SENSITIVE settings
-- MDM_TODO: CDKWB0043I You may need to add entries to the INTERNALTXNKEY table for any new transactions


-- Notes
-- MDM_TODO: CDKWB0046I Statements are placed in the generated SQL file when user changes are required.
-- 1. Edit the following SQL files following any associated instructions.
-- 2. Connect to the database.
-- 3. Run each SQL file as shown below and in the same order.
-- 			db2 -vf CTCComposites_SETUP_DB2.sql
-- 			db2 -vf CTCComposites_TRIGGERS_DB2.sql
-- 			db2 -vf CTCComposites_CONSTRAINTS_DB2.sql
--			db2 -vf CTCComposites_ERRORS_100_DB2.sql
-- 			db2 -vf CTCComposites_MetaData_DB2.sql
-- 			db2 -vf CONFIG_XMLSERVICES_RESPONSE_DB2.sql
-- 			db2 -vf CTCComposites_CODETABLES_DB2.sql
	
	--#SET TERMINATOR ;
	


----------------------------------------------
-- Component type
----------------------------------------------
--For registering the new transaction


INSERT INTO CDBUSINESSTXTP (BUSINESS_TX_TP_CD,NAME,TX_LOG_IND,TX_OBJECT_TP,DWL_PROD_TP_CD) 
	VALUES (900201,'ctcMaintainParty','Y','P',1);

INSERT INTO CDBUSINESSTXTP (BUSINESS_TX_TP_CD,NAME,TX_LOG_IND,TX_OBJECT_TP,DWL_PROD_TP_CD) 
	VALUES (900202,'ctcGetFSParty','Y','I',1);

INSERT INTO CDBUSINESSTXTP (BUSINESS_TX_TP_CD,NAME,TX_LOG_IND,TX_OBJECT_TP,DWL_PROD_TP_CD) 
	VALUES (900203,'ctcMaintainContract','Y','P',1);

--For registering the new component

INSERT INTO COMPONENTTYPE (COMPONENT_TYPE_ID,DWL_PROD_TP_CD,COMPON_TYPE_VALUE,COMPON_LONG_DESC,LAST_UPDATE_DT) 
	VALUES  (900201,1,'CTCMaintainPartyBP','CTCMaintainPartyBP',CURRENT_TIMESTAMP);

INSERT INTO COMPONENTTYPE (COMPONENT_TYPE_ID,DWL_PROD_TP_CD,COMPON_TYPE_VALUE,COMPON_LONG_DESC,LAST_UPDATE_DT) 
	VALUES  (900202,1,'CTCGetFSPartyBP','CTCGetFSPartyBP',CURRENT_TIMESTAMP);

INSERT INTO COMPONENTTYPE (COMPONENT_TYPE_ID,DWL_PROD_TP_CD,COMPON_TYPE_VALUE,COMPON_LONG_DESC,LAST_UPDATE_DT) 
	VALUES (900203,1,'CTCMaintainContractBP','CTCMaintainContractBP',CURRENT_TIMESTAMP);

--For Error Codes


INSERT INTO CDERRMESSAGETP (LANG_TP_CD, ERR_MESSAGE_TP_CD, ERR_MESSAGE, COMMENTS, LAST_UPDATE_DT) 
   VALUES (100, 2000001, 'CTCMaintain Party Transaction not of type TCRMPersonBObj', 'CTCMaintain Party Transaction not of type TCRMPersonBObj', CURRENT_TIMESTAMP);
INSERT INTO ERRREASON (ERR_REASON_TP_CD, COMPONENT_TYPE_ID, ERR_TYPE_CD, ERR_MESSAGE_TP_CD, LAST_UPDATE_DT) VALUES (2000001, 900201, 'DIERR', 2000001, CURRENT_TIMESTAMP);


INSERT INTO CDERRMESSAGETP (LANG_TP_CD, ERR_MESSAGE_TP_CD, ERR_MESSAGE, COMMENTS, LAST_UPDATE_DT) 
   VALUES (100, 2000002, 'Admin Party ID missing', 'Admin Party ID missing', CURRENT_TIMESTAMP);
INSERT INTO ERRREASON (ERR_REASON_TP_CD, COMPONENT_TYPE_ID, ERR_TYPE_CD, ERR_MESSAGE_TP_CD, LAST_UPDATE_DT) VALUES (2000002, 900201, 'DIERR', 2000002, CURRENT_TIMESTAMP);


INSERT INTO CDERRMESSAGETP (LANG_TP_CD, ERR_MESSAGE_TP_CD, ERR_MESSAGE, COMMENTS, LAST_UPDATE_DT) 
   VALUES (100, 2000003, 'AdminSystemType and AdminSystemValue Missing', 'AdminSystemType and AdminSystemValue Missing', CURRENT_TIMESTAMP);
INSERT INTO ERRREASON (ERR_REASON_TP_CD, COMPONENT_TYPE_ID, ERR_TYPE_CD, ERR_MESSAGE_TP_CD, LAST_UPDATE_DT) VALUES (2000003, 900201, 'DIERR', 2000003, CURRENT_TIMESTAMP);


INSERT INTO CDERRMESSAGETP (LANG_TP_CD, ERR_MESSAGE_TP_CD, ERR_MESSAGE, COMMENTS, LAST_UPDATE_DT) 
   VALUES (100, 2000004, 'No AdminContEquivObject in CTCMaintainParty', 'No AdminContEquivObject in CTCMaintainParty', CURRENT_TIMESTAMP);
INSERT INTO ERRREASON (ERR_REASON_TP_CD, COMPONENT_TYPE_ID, ERR_TYPE_CD, ERR_MESSAGE_TP_CD, LAST_UPDATE_DT) VALUES (2000004, 900201, 'DIERR', 2000004, CURRENT_TIMESTAMP);


INSERT INTO CDERRMESSAGETP (LANG_TP_CD, ERR_MESSAGE_TP_CD, ERR_MESSAGE, COMMENTS, LAST_UPDATE_DT) 
   VALUES (100, 2000005, 'Multiple active parties found', 'Multiple active parties found', CURRENT_TIMESTAMP);
INSERT INTO ERRREASON (ERR_REASON_TP_CD, COMPONENT_TYPE_ID, ERR_TYPE_CD, ERR_MESSAGE_TP_CD, LAST_UPDATE_DT) VALUES (2000005, 900201, 'DIERR', 2000005, CURRENT_TIMESTAMP);

INSERT INTO CDERRMESSAGETP (LANG_TP_CD, ERR_MESSAGE_TP_CD, ERR_MESSAGE, COMMENTS, LAST_UPDATE_DT) 
   VALUES (100, 2000006, 'AdminSystemType or AdminSystemValue is not Correct', 'AdminSystemType or AdminSystemValue is not Correct', CURRENT_TIMESTAMP);
INSERT INTO ERRREASON (ERR_REASON_TP_CD, COMPONENT_TYPE_ID, ERR_TYPE_CD, ERR_MESSAGE_TP_CD, LAST_UPDATE_DT) 
   VALUES (2000006, 900201, 'DIERR', 2000006, CURRENT_TIMESTAMP);
   
INSERT INTO CDERRMESSAGETP (LANG_TP_CD, ERR_MESSAGE_TP_CD, ERR_MESSAGE, COMMENTS, LAST_UPDATE_DT)
	VALUES (100, 2000007, 'Required Parameters not supplied', 'Required Parameters not supplied', CURRENT_TIMESTAMP);
INSERT INTO ERRREASON (ERR_REASON_TP_CD, COMPONENT_TYPE_ID, ERR_TYPE_CD, ERR_MESSAGE_TP_CD, LAST_UPDATE_DT) 
	VALUES (2000007, 900202, 'FVERR', 2000007, CURRENT_TIMESTAMP);

INSERT INTO CDERRMESSAGETP (LANG_TP_CD, ERR_MESSAGE_TP_CD, ERR_MESSAGE, COMMENTS, LAST_UPDATE_DT) 
   VALUES (100, 2000008, 'Collapse Not Allowed due to BirthDate mismatch', 'Collapse Not Allowed due to BirthDate mismatch', CURRENT_TIMESTAMP);
INSERT INTO ERRREASON (ERR_REASON_TP_CD, COMPONENT_TYPE_ID, ERR_TYPE_CD, ERR_MESSAGE_TP_CD, LAST_UPDATE_DT) 
   VALUES (2000008, 1, 'DIERR', 2000008, CURRENT_TIMESTAMP);

INSERT INTO CDERRMESSAGETP (LANG_TP_CD, ERR_MESSAGE_TP_CD, ERR_MESSAGE, COMMENTS, LAST_UPDATE_DT) 
	   VALUES (100, 2000009, 'CTCMaintainContract Transaction not of type TCRMContractBObj', 'CTCMaintainContract Transaction not of type TCRMContractBObj', CURRENT_TIMESTAMP);
	
INSERT INTO CDERRMESSAGETP (LANG_TP_CD, ERR_MESSAGE_TP_CD, ERR_MESSAGE, COMMENTS, LAST_UPDATE_DT) 
	   VALUES (100, 2000010, 'The following is required: AdminContractId','The following is required: AdminContractId', CURRENT_TIMESTAMP);

INSERT INTO CDERRMESSAGETP (LANG_TP_CD, ERR_MESSAGE_TP_CD, ERR_MESSAGE, COMMENTS, LAST_UPDATE_DT) 
	   VALUES (100, 2000011, 'The following is required: AdminFieldNameType or AdminFieldNameValue','The following is required: AdminFieldNameType or AdminFieldNameValue', CURRENT_TIMESTAMP);

INSERT INTO CDERRMESSAGETP (LANG_TP_CD, ERR_MESSAGE_TP_CD, ERR_MESSAGE, COMMENTS, LAST_UPDATE_DT) 
	   VALUES (100, 2000012, 'The following is not correct: AdminFieldNameType or AdminFieldNameValue', 'The following is not correct: AdminFieldNameType or AdminFieldNameValue', CURRENT_TIMESTAMP);

INSERT INTO CDERRMESSAGETP (LANG_TP_CD, ERR_MESSAGE_TP_CD, ERR_MESSAGE, COMMENTS, LAST_UPDATE_DT) 
	   VALUES (100, 2000013, 'The following is required: AdminNativeKey', 'The following is required: AdminNativeKey', CURRENT_TIMESTAMP);

INSERT INTO CDERRMESSAGETP (LANG_TP_CD, ERR_MESSAGE_TP_CD, ERR_MESSAGE, COMMENTS, LAST_UPDATE_DT) 
	   VALUES (100, 2000014, 'The following is required: ClientSystemName', 'The following is required: ClientSystemName', CURRENT_TIMESTAMP);

INSERT INTO CDERRMESSAGETP (LANG_TP_CD, ERR_MESSAGE_TP_CD, ERR_MESSAGE, COMMENTS, LAST_UPDATE_DT) 
	   VALUES (100, 2000015, 'No AdminNativeKey for CoStar', 'No AdminNativeKey for CoStar', CURRENT_TIMESTAMP);

INSERT INTO CDERRMESSAGETP (LANG_TP_CD, ERR_MESSAGE_TP_CD, ERR_MESSAGE, COMMENTS, LAST_UPDATE_DT) 
	   VALUES (100,2000016, 'Multiple active contracts found', 'Multiple active contracts found', CURRENT_TIMESTAMP);

INSERT INTO CDERRMESSAGETP (LANG_TP_CD, ERR_MESSAGE_TP_CD, ERR_MESSAGE, COMMENTS, LAST_UPDATE_DT)
	VALUES (100, 2000017, 'The following is required: Contract Component', 'The following is required: Contract Component', CURRENT_TIMESTAMP);

INSERT INTO CDERRMESSAGETP (LANG_TP_CD, ERR_MESSAGE_TP_CD, ERR_MESSAGE, COMMENTS, LAST_UPDATE_DT)
	VALUES (100, 2000018, 'The following is required: ContractPartyRole', 'The following is required: ContractPartyRole', CURRENT_TIMESTAMP);

INSERT INTO CDERRMESSAGETP (LANG_TP_CD, ERR_MESSAGE_TP_CD, ERR_MESSAGE, COMMENTS, LAST_UPDATE_DT)
	VALUES (100, 2000019, 'The following is required: Party', 'The following is required: Party', CURRENT_TIMESTAMP);

INSERT INTO CDERRMESSAGETP (LANG_TP_CD, ERR_MESSAGE_TP_CD, ERR_MESSAGE, COMMENTS, LAST_UPDATE_DT)
	VALUES (100, 2000020, 'Error in getting Code Type', 'Error in getting Code Type', CURRENT_TIMESTAMP);
 
INSERT INTO ERRREASON (ERR_REASON_TP_CD, COMPONENT_TYPE_ID, ERR_TYPE_CD, ERR_MESSAGE_TP_CD, LAST_UPDATE_DT) 
	   VALUES (1020029, 900203, 'DIERR', 2000009, CURRENT_TIMESTAMP);

INSERT INTO ERRREASON (ERR_REASON_TP_CD, COMPONENT_TYPE_ID, ERR_TYPE_CD, ERR_MESSAGE_TP_CD, LAST_UPDATE_DT) 
	   VALUES (1020030, 900203, 'FVERR', 2000010, CURRENT_TIMESTAMP);

INSERT INTO ERRREASON (ERR_REASON_TP_CD, COMPONENT_TYPE_ID, ERR_TYPE_CD, ERR_MESSAGE_TP_CD, LAST_UPDATE_DT) 
	   VALUES (1020031, 900203, 'FVERR', 2000011, CURRENT_TIMESTAMP);

INSERT INTO ERRREASON (ERR_REASON_TP_CD, COMPONENT_TYPE_ID, ERR_TYPE_CD, ERR_MESSAGE_TP_CD, LAST_UPDATE_DT) 
	   VALUES (1020032, 900203, 'DIERR', 2000012, CURRENT_TIMESTAMP);

INSERT INTO ERRREASON (ERR_REASON_TP_CD, COMPONENT_TYPE_ID, ERR_TYPE_CD, ERR_MESSAGE_TP_CD, LAST_UPDATE_DT) 
	   VALUES (1020033, 900203, 'FVERR', 2000013, CURRENT_TIMESTAMP);

INSERT INTO ERRREASON (ERR_REASON_TP_CD, COMPONENT_TYPE_ID, ERR_TYPE_CD, ERR_MESSAGE_TP_CD, LAST_UPDATE_DT) 
	   VALUES (1020034, 900203, 'FVERR', 2000014, CURRENT_TIMESTAMP);

INSERT INTO ERRREASON (ERR_REASON_TP_CD, COMPONENT_TYPE_ID, ERR_TYPE_CD, ERR_MESSAGE_TP_CD, LAST_UPDATE_DT) 
	   VALUES (1020035, 900203, 'DIERR', 2000015, CURRENT_TIMESTAMP);
	   
INSERT INTO ERRREASON (ERR_REASON_TP_CD, COMPONENT_TYPE_ID, ERR_TYPE_CD, ERR_MESSAGE_TP_CD, LAST_UPDATE_DT) 
	   VALUES (1020036, 900203, 'DRECERR', 2000016, CURRENT_TIMESTAMP);

INSERT INTO ERRREASON (ERR_REASON_TP_CD, COMPONENT_TYPE_ID, ERR_TYPE_CD, ERR_MESSAGE_TP_CD, LAST_UPDATE_DT)
VALUES (1020037, 900203, 'FVERR', 2000017, CURRENT_TIMESTAMP);

INSERT INTO ERRREASON (ERR_REASON_TP_CD, COMPONENT_TYPE_ID, ERR_TYPE_CD, ERR_MESSAGE_TP_CD, LAST_UPDATE_DT)
VALUES (1020038, 900203, 'FVERR', 2000018, CURRENT_TIMESTAMP);

INSERT INTO ERRREASON (ERR_REASON_TP_CD, COMPONENT_TYPE_ID, ERR_TYPE_CD, ERR_MESSAGE_TP_CD, LAST_UPDATE_DT)
VALUES (1020039, 900203, 'FVERR', 2000019, CURRENT_TIMESTAMP);

INSERT INTO ERRREASON (ERR_REASON_TP_CD, COMPONENT_TYPE_ID, ERR_TYPE_CD, ERR_MESSAGE_TP_CD, LAST_UPDATE_DT)
VALUES (1020040, 900203, 'FVERR', 2000004, CURRENT_TIMESTAMP);

INSERT INTO ERRREASON (ERR_REASON_TP_CD, COMPONENT_TYPE_ID, ERR_TYPE_CD, ERR_MESSAGE_TP_CD, LAST_UPDATE_DT)
VALUES (1020041, 900203, 'READERR', 2000020, CURRENT_TIMESTAMP);

INSERT INTO CDERRMESSAGETP (LANG_TP_CD, ERR_MESSAGE_TP_CD, ERR_MESSAGE, COMMENTS, LAST_UPDATE_DT)
	VALUES (100, 2000021, 'ContractStatusType must be provided in the input ContractComponent.', 'ContractStatusType must be provided in the input ContractComponent.', CURRENT_TIMESTAMP);
INSERT INTO CDERRMESSAGETP (LANG_TP_CD, ERR_MESSAGE_TP_CD, ERR_MESSAGE, COMMENTS, LAST_UPDATE_DT)
	VALUES (100, 2000022, 'ContractPartyRole must be provided in the Active ContractComponent.', 'ContractPartyRole must be provided in the Active ContractComponent.', CURRENT_TIMESTAMP);
INSERT INTO CDERRMESSAGETP (LANG_TP_CD, ERR_MESSAGE_TP_CD, ERR_MESSAGE, COMMENTS, LAST_UPDATE_DT)
	VALUES (100, 2000023, 'Only one ContractPartyRole must be provided in the input ContractComponent.', 'Only one ContractPartyRole must be provided in the input ContractComponent.', CURRENT_TIMESTAMP);
INSERT INTO CDERRMESSAGETP (LANG_TP_CD, ERR_MESSAGE_TP_CD, ERR_MESSAGE, COMMENTS, LAST_UPDATE_DT)
	VALUES (100, 2000024, 'Only one ContractPartyRole must be provided in the input Contract.', 'Only one ContractPartyRole must be provided in the input Contract.', CURRENT_TIMESTAMP);
INSERT INTO CDERRMESSAGETP (LANG_TP_CD, ERR_MESSAGE_TP_CD, ERR_MESSAGE, COMMENTS, LAST_UPDATE_DT)
	VALUES (100, 2000025, 'Only one Active ContractComponent must be provided in the input Contract.', 'Only one Active ContractComponent must be provided in the input Contract.', CURRENT_TIMESTAMP);
  
INSERT INTO ERRREASON (ERR_REASON_TP_CD, COMPONENT_TYPE_ID, ERR_TYPE_CD, ERR_MESSAGE_TP_CD, LAST_UPDATE_DT)
	VALUES (1020042, 900203, 'FVERR', 2000021, CURRENT_TIMESTAMP);
INSERT INTO ERRREASON (ERR_REASON_TP_CD, COMPONENT_TYPE_ID, ERR_TYPE_CD, ERR_MESSAGE_TP_CD, LAST_UPDATE_DT)
	VALUES (1020043, 900203, 'FVERR', 2000022, CURRENT_TIMESTAMP);
INSERT INTO ERRREASON (ERR_REASON_TP_CD, COMPONENT_TYPE_ID, ERR_TYPE_CD, ERR_MESSAGE_TP_CD, LAST_UPDATE_DT)
	VALUES (1020044, 900203, 'FVERR', 2000023, CURRENT_TIMESTAMP);
INSERT INTO ERRREASON (ERR_REASON_TP_CD, COMPONENT_TYPE_ID, ERR_TYPE_CD, ERR_MESSAGE_TP_CD, LAST_UPDATE_DT)
	VALUES (1020045, 900203, 'FVERR', 2000024, CURRENT_TIMESTAMP);
INSERT INTO ERRREASON (ERR_REASON_TP_CD, COMPONENT_TYPE_ID, ERR_TYPE_CD, ERR_MESSAGE_TP_CD, LAST_UPDATE_DT)
	VALUES (1020046, 900203, 'FVERR', 2000025, CURRENT_TIMESTAMP);


----------------------------------------------
-- Error messages
----------------------------------------------


---------------------------------------------
-- Metadata setup
---------------------------------------------


----------------------------------------------
-- V_GROUP
----------------------------------------------


CREATE SEQUENCE DB2admin.GROUPDWLTABLE_ID_SEQ AS BIGINT START WITH 1080000 INCREMENT BY 1 MINVALUE 1080000 MAXVALUE 1089999 CACHE 10;


DROP SEQUENCE DB2admin.GROUPDWLTABLE_ID_SEQ RESTRICT;

----------------------------------------------
-- V_ELEMENTATTRIBUTE
----------------------------------------------


CREATE SEQUENCE DB2admin.V_ELATTR_ID_SEQ AS BIGINT START WITH 1080000 INCREMENT BY 1 MINVALUE 1080000 MAXVALUE 1089999 CACHE 10;

DROP SEQUENCE DB2admin.V_ELATTR_ID_SEQ RESTRICT;

----------------------------------------------
-- Transactions
----------------------------------------------


----------------------------------------------
-- CDBUSINESSTXTP
----------------------------------------------


----------------------------------------------
-- CDINTERNALTXNTP
----------------------------------------------




----------------------------------------------
-- BUSINTERNALTXN
----------------------------------------------



----------------------------------------------
-- BUSINESSTXREQRESP
----------------------------------------------



----------------------------------------------
-- INTERNALTXREQRESP
----------------------------------------------


----------------------------------------------
-- GROUPTXMAP
----------------------------------------------



----------------------------------------------
-- TAIL setup
----------------------------------------------



