
-- @SqlSnippetPriority 400
-- @SqlModuleOrdering 3

-- The following source code ("Code") may only be used in accordance with the terms
-- and conditions of the license agreement you have with IBM Corporation. The Code 
-- is provided to you on an "AS IS" basis, without warranty of any kind.  
-- SUBJECT TO ANY STATUTORY WARRANTIES WHICH CAN NOT BE EXCLUDED, IBM MAKES NO 
-- WARRANTIES OR CONDITIONS EITHER EXPRESS OR IMPLIED, INCLUDING BUT NOT LIMITED 
-- TO, THE IMPLIED WARRANTIES OR CONDITIONS OF MERCHANTABILITY, FITNESS FOR A 
-- PARTICULAR PURPOSE, AND NON-INFRINGEMENT, REGARDING THE CODE. IN NO EVENT WILL 
-- IBM BE LIABLE TO YOU OR ANY PARTY FOR ANY DIRECT, INDIRECT, SPECIAL OR OTHER 
-- CONSEQUENTIAL DAMAGES FOR ANY USE OF THE CODE, INCLUDING, WITHOUT LIMITATION, 
-- LOSS OF, OR DAMAGE TO, DATA, OR LOST PROFITS, BUSINESS, REVENUE, GOODWILL, OR 
-- ANTICIPATED SAVINGS, EVEN IF IBM HAS BEEN ADVISED OF THE POSSIBILITY OF SUCH 
-- DAMAGES. SOME JURISDICTIONS DO NOT ALLOW THE EXCLUSION OR LIMITATION OF 
-- INCIDENTAL OR CONSEQUENTIAL DAMAGES, SO THE ABOVE LIMITATION OR EXCLUSION MAY 
-- NOT APPLY TO YOU.



-- MDM_TODO: CDKWB0044I Review CDDWLCOLUMNTP LOCALE_SENSITIVE settings
-- MDM_TODO: CDKWB0043I You may need to add entries to the INTERNALTXNKEY table for any new transactions


-- Notes
-- MDM_TODO: CDKWB0046I Statements are placed in the generated SQL file when user changes are required.
-- 1. Edit the following SQL files following any associated instructions.
-- 2. Connect to the database.
-- 3. Run each SQL file as shown below and in the same order.
-- 			sqlplus userid/password@host @CTCAdditions_SETUP_ORACLE.sql
-- 			sqlplus userid/password@host @CTCAdditions_TRIGGERS_ORACLE.sql
-- 			sqlplus userid/password@host @CTCAdditions_CONSTRAINTS_ORACLE.sql
--			sqlplus userid/password@host @CTCAdditions_ERRORS_100_ORACLE.sql
-- 			sqlplus userid/password@host @CTCAdditions_MetaData_ORACLE.sql
-- 			sqlplus userid/password@host CONFIG_XMLSERVICES_RESPONSE_ORACLE.sql
-- 			sqlplus userid/password@host @CTCAdditions_CODETABLES_ORACLE.sql

----------------------------------------------
-- Component type
----------------------------------------------

INSERT INTO COMPONENTTYPE (COMPONENT_TYPE_ID, DWL_PROD_TP_CD, COMPON_TYPE_VALUE, COMPON_LONG_DESC, LAST_UPDATE_DT, COMPONENT_CLASS ) 
   VALUES ( 1010007, 1, 'CTCDataSourceComponent', null, CURRENT_TIMESTAMP, 'com.ctc.mdm.addition.component.CTCDataSourceComponent');
INSERT INTO COMPONENTTYPE (COMPONENT_TYPE_ID, DWL_PROD_TP_CD, COMPON_TYPE_VALUE, COMPON_LONG_DESC, LAST_UPDATE_DT, COMPONENT_CLASS ) 
   VALUES ( 1010008, 1, 'CTCDataSourceController', null, CURRENT_TIMESTAMP, null);
INSERT INTO COMPONENTTYPE (COMPONENT_TYPE_ID, DWL_PROD_TP_CD, COMPON_TYPE_VALUE, COMPON_LONG_DESC, LAST_UPDATE_DT, COMPONENT_CLASS ) 
   VALUES ( 1010010, 1, 'CTCDataSourceBObj', null, CURRENT_TIMESTAMP, null);
INSERT INTO COMPONENTTYPE (COMPONENT_TYPE_ID, DWL_PROD_TP_CD, COMPON_TYPE_VALUE, COMPON_LONG_DESC, LAST_UPDATE_DT, COMPONENT_CLASS ) 
   VALUES ( 1010161, 1, 'CTCPartySegmentBObj', null, CURRENT_TIMESTAMP, null);
INSERT INTO COMPONENTTYPE (COMPONENT_TYPE_ID, DWL_PROD_TP_CD, COMPON_TYPE_VALUE, COMPON_LONG_DESC, LAST_UPDATE_DT, COMPONENT_CLASS ) 
   VALUES ( 1010328, 1, 'CTCPartySegmentComponent', null, CURRENT_TIMESTAMP, 'com.ctc.mdm.addition.component.CTCPartySegmentComponent');
INSERT INTO COMPONENTTYPE (COMPONENT_TYPE_ID, DWL_PROD_TP_CD, COMPON_TYPE_VALUE, COMPON_LONG_DESC, LAST_UPDATE_DT, COMPONENT_CLASS ) 
   VALUES ( 1010329, 1, 'CTCPartySegmentController', null, CURRENT_TIMESTAMP, null);
-- @ Added by swamy   
INSERT INTO COMPONENTTYPE (COMPONENT_TYPE_ID, DWL_PROD_TP_CD, COMPON_TYPE_VALUE, COMPON_LONG_DESC, LAST_UPDATE_DT, COMPONENT_CLASS ) 
   VALUES ( 1010070, 1, 'CTCContractRolePrivPrefBObj', null, CURRENT_TIMESTAMP, null);
INSERT INTO COMPONENTTYPE (COMPONENT_TYPE_ID, DWL_PROD_TP_CD, COMPON_TYPE_VALUE, COMPON_LONG_DESC, LAST_UPDATE_DT, COMPONENT_CLASS ) 
   VALUES ( 1010074, 1, 'CTCContractRolePrivPrefController', null, CURRENT_TIMESTAMP, null);
INSERT INTO COMPONENTTYPE (COMPONENT_TYPE_ID, DWL_PROD_TP_CD, COMPON_TYPE_VALUE, COMPON_LONG_DESC, LAST_UPDATE_DT, COMPONENT_CLASS ) 
   VALUES ( 1010076, 1, 'CTCContractRolePrivPrefComponent', null, CURRENT_TIMESTAMP, 'com.ctc.mdm.addition.component.CTCContractRolePrivPrefComponent');
   
----------------------------------------------
-- ERRREASON
----------------------------------------------

   
INSERT INTO ERRREASON (ERR_REASON_TP_CD, COMPONENT_TYPE_ID, ERR_TYPE_CD, ERR_MESSAGE_TP_CD, LAST_UPDATE_DT) 
   VALUES (1010063, 1010007, 'READERR', 1010060, CURRENT_TIMESTAMP);
   
INSERT INTO ERRREASON (ERR_REASON_TP_CD, COMPONENT_TYPE_ID, ERR_TYPE_CD, ERR_MESSAGE_TP_CD, LAST_UPDATE_DT) 
   VALUES (1010067, 1010007, 'READERR', 1010064, CURRENT_TIMESTAMP);
   
INSERT INTO ERRREASON (ERR_REASON_TP_CD, COMPONENT_TYPE_ID, ERR_TYPE_CD, ERR_MESSAGE_TP_CD, LAST_UPDATE_DT) 
   VALUES (1010071, 1010007, 'READERR', 1010068, CURRENT_TIMESTAMP);
   
INSERT INTO ERRREASON (ERR_REASON_TP_CD, COMPONENT_TYPE_ID, ERR_TYPE_CD, ERR_MESSAGE_TP_CD, LAST_UPDATE_DT) 
   VALUES (1010086, 1010007, 'INSERR', 1010083, CURRENT_TIMESTAMP);
   
INSERT INTO ERRREASON (ERR_REASON_TP_CD, COMPONENT_TYPE_ID, ERR_TYPE_CD, ERR_MESSAGE_TP_CD, LAST_UPDATE_DT) 
   VALUES (1010090, 1010007, 'DKERR', 1010087, CURRENT_TIMESTAMP);
   
INSERT INTO ERRREASON (ERR_REASON_TP_CD, COMPONENT_TYPE_ID, ERR_TYPE_CD, ERR_MESSAGE_TP_CD, LAST_UPDATE_DT) 
   VALUES (1010103, 1010007, 'UPDERR', 1010100, CURRENT_TIMESTAMP);
   
INSERT INTO ERRREASON (ERR_REASON_TP_CD, COMPONENT_TYPE_ID, ERR_TYPE_CD, ERR_MESSAGE_TP_CD, LAST_UPDATE_DT) 
   VALUES (1010360, 1010007, 'READERR', 1010357, CURRENT_TIMESTAMP);
   
INSERT INTO ERRREASON (ERR_REASON_TP_CD, COMPONENT_TYPE_ID, ERR_TYPE_CD, ERR_MESSAGE_TP_CD, LAST_UPDATE_DT) 
   VALUES (1010061, 1010008, 'READERR', 1010060, CURRENT_TIMESTAMP);
   
INSERT INTO ERRREASON (ERR_REASON_TP_CD, COMPONENT_TYPE_ID, ERR_TYPE_CD, ERR_MESSAGE_TP_CD, LAST_UPDATE_DT) 
   VALUES (1010084, 1010008, 'INSERR', 1010083, CURRENT_TIMESTAMP);
   
INSERT INTO ERRREASON (ERR_REASON_TP_CD, COMPONENT_TYPE_ID, ERR_TYPE_CD, ERR_MESSAGE_TP_CD, LAST_UPDATE_DT) 
   VALUES (1010101, 1010008, 'UPDERR', 1010100, CURRENT_TIMESTAMP);
   
INSERT INTO ERRREASON (ERR_REASON_TP_CD, COMPONENT_TYPE_ID, ERR_TYPE_CD, ERR_MESSAGE_TP_CD, LAST_UPDATE_DT) 
   VALUES (1010358, 1010008, 'READERR', 1010357, CURRENT_TIMESTAMP);
   
INSERT INTO ERRREASON (ERR_REASON_TP_CD, COMPONENT_TYPE_ID, ERR_TYPE_CD, ERR_MESSAGE_TP_CD, LAST_UPDATE_DT) 
   VALUES (1010012, 1010010, 'FVERR', 20, CURRENT_TIMESTAMP);
   
INSERT INTO ERRREASON (ERR_REASON_TP_CD, COMPONENT_TYPE_ID, ERR_TYPE_CD, ERR_MESSAGE_TP_CD, LAST_UPDATE_DT) 
   VALUES (1010040, 1010010, 'FVERR', 1010039, CURRENT_TIMESTAMP);
   
INSERT INTO ERRREASON (ERR_REASON_TP_CD, COMPONENT_TYPE_ID, ERR_TYPE_CD, ERR_MESSAGE_TP_CD, LAST_UPDATE_DT) 
   VALUES (1010044, 1010010, 'DIERR', 1010043, CURRENT_TIMESTAMP);
   
INSERT INTO ERRREASON (ERR_REASON_TP_CD, COMPONENT_TYPE_ID, ERR_TYPE_CD, ERR_MESSAGE_TP_CD, LAST_UPDATE_DT) 
   VALUES (1010115, 1010010, 'FVERR', 1010114, CURRENT_TIMESTAMP);
   
INSERT INTO ERRREASON (ERR_REASON_TP_CD, COMPONENT_TYPE_ID, ERR_TYPE_CD, ERR_MESSAGE_TP_CD, LAST_UPDATE_DT) 
   VALUES (1010137, 1010010, 'DIERR', 1010136, CURRENT_TIMESTAMP);
   
INSERT INTO ERRREASON (ERR_REASON_TP_CD, COMPONENT_TYPE_ID, ERR_TYPE_CD, ERR_MESSAGE_TP_CD, LAST_UPDATE_DT) 
   VALUES (1010149, 1010010, 'DIERR', 1010148, CURRENT_TIMESTAMP);
   
INSERT INTO ERRREASON (ERR_REASON_TP_CD, COMPONENT_TYPE_ID, ERR_TYPE_CD, ERR_MESSAGE_TP_CD, LAST_UPDATE_DT) 
   VALUES (1010331, 1010010, 'FVERR', 1010330, CURRENT_TIMESTAMP);
   
INSERT INTO ERRREASON (ERR_REASON_TP_CD, COMPONENT_TYPE_ID, ERR_TYPE_CD, ERR_MESSAGE_TP_CD, LAST_UPDATE_DT) 
   VALUES (1010338, 1010010, 'FVERR', 1010337, CURRENT_TIMESTAMP);
   
INSERT INTO ERRREASON (ERR_REASON_TP_CD, COMPONENT_TYPE_ID, ERR_TYPE_CD, ERR_MESSAGE_TP_CD, LAST_UPDATE_DT) 
   VALUES (1010342, 1010010, 'FVERR', 1010341, CURRENT_TIMESTAMP);
   
INSERT INTO ERRREASON (ERR_REASON_TP_CD, COMPONENT_TYPE_ID, ERR_TYPE_CD, ERR_MESSAGE_TP_CD, LAST_UPDATE_DT) 
   VALUES (1010163, 1010161, 'FVERR', 20, CURRENT_TIMESTAMP);
   
INSERT INTO ERRREASON (ERR_REASON_TP_CD, COMPONENT_TYPE_ID, ERR_TYPE_CD, ERR_MESSAGE_TP_CD, LAST_UPDATE_DT) 
   VALUES (1010191, 1010161, 'FVERR', 1010190, CURRENT_TIMESTAMP);
   
INSERT INTO ERRREASON (ERR_REASON_TP_CD, COMPONENT_TYPE_ID, ERR_TYPE_CD, ERR_MESSAGE_TP_CD, LAST_UPDATE_DT) 
   VALUES (1010195, 1010161, 'DIERR', 1010194, CURRENT_TIMESTAMP);
   
INSERT INTO ERRREASON (ERR_REASON_TP_CD, COMPONENT_TYPE_ID, ERR_TYPE_CD, ERR_MESSAGE_TP_CD, LAST_UPDATE_DT) 
   VALUES (1010258, 1010161, 'FVERR', 1010257, CURRENT_TIMESTAMP);
   
INSERT INTO ERRREASON (ERR_REASON_TP_CD, COMPONENT_TYPE_ID, ERR_TYPE_CD, ERR_MESSAGE_TP_CD, LAST_UPDATE_DT) 
   VALUES (1010266, 1010161, 'FVERR', 1010265, CURRENT_TIMESTAMP);
   
INSERT INTO ERRREASON (ERR_REASON_TP_CD, COMPONENT_TYPE_ID, ERR_TYPE_CD, ERR_MESSAGE_TP_CD, LAST_UPDATE_DT) 
   VALUES (1010274, 1010161, 'FVERR', 1010273, CURRENT_TIMESTAMP);
   
INSERT INTO ERRREASON (ERR_REASON_TP_CD, COMPONENT_TYPE_ID, ERR_TYPE_CD, ERR_MESSAGE_TP_CD, LAST_UPDATE_DT) 
   VALUES (1010282, 1010161, 'FVERR', 1010281, CURRENT_TIMESTAMP);
   
INSERT INTO ERRREASON (ERR_REASON_TP_CD, COMPONENT_TYPE_ID, ERR_TYPE_CD, ERR_MESSAGE_TP_CD, LAST_UPDATE_DT) 
   VALUES (1010306, 1010161, 'FVERR', 1010305, CURRENT_TIMESTAMP);
   
INSERT INTO ERRREASON (ERR_REASON_TP_CD, COMPONENT_TYPE_ID, ERR_TYPE_CD, ERR_MESSAGE_TP_CD, LAST_UPDATE_DT) 
   VALUES (1010312, 1010161, 'DIERR', 1010311, CURRENT_TIMESTAMP);
   
INSERT INTO ERRREASON (ERR_REASON_TP_CD, COMPONENT_TYPE_ID, ERR_TYPE_CD, ERR_MESSAGE_TP_CD, LAST_UPDATE_DT) 
   VALUES (1010324, 1010161, 'DIERR', 1010323, CURRENT_TIMESTAMP);
   
INSERT INTO ERRREASON (ERR_REASON_TP_CD, COMPONENT_TYPE_ID, ERR_TYPE_CD, ERR_MESSAGE_TP_CD, LAST_UPDATE_DT) 
   VALUES (1010214, 1010328, 'READERR', 1010211, CURRENT_TIMESTAMP);
   
INSERT INTO ERRREASON (ERR_REASON_TP_CD, COMPONENT_TYPE_ID, ERR_TYPE_CD, ERR_MESSAGE_TP_CD, LAST_UPDATE_DT) 
   VALUES (1010218, 1010328, 'READERR', 1010215, CURRENT_TIMESTAMP);
   
INSERT INTO ERRREASON (ERR_REASON_TP_CD, COMPONENT_TYPE_ID, ERR_TYPE_CD, ERR_MESSAGE_TP_CD, LAST_UPDATE_DT) 
   VALUES (1010222, 1010328, 'READERR', 1010219, CURRENT_TIMESTAMP);
   
INSERT INTO ERRREASON (ERR_REASON_TP_CD, COMPONENT_TYPE_ID, ERR_TYPE_CD, ERR_MESSAGE_TP_CD, LAST_UPDATE_DT) 
   VALUES (1010237, 1010328, 'INSERR', 1010234, CURRENT_TIMESTAMP);
   
INSERT INTO ERRREASON (ERR_REASON_TP_CD, COMPONENT_TYPE_ID, ERR_TYPE_CD, ERR_MESSAGE_TP_CD, LAST_UPDATE_DT) 
   VALUES (1010241, 1010328, 'DKERR', 1010238, CURRENT_TIMESTAMP);
   
INSERT INTO ERRREASON (ERR_REASON_TP_CD, COMPONENT_TYPE_ID, ERR_TYPE_CD, ERR_MESSAGE_TP_CD, LAST_UPDATE_DT) 
   VALUES (1010254, 1010328, 'UPDERR', 1010251, CURRENT_TIMESTAMP);
   
INSERT INTO ERRREASON (ERR_REASON_TP_CD, COMPONENT_TYPE_ID, ERR_TYPE_CD, ERR_MESSAGE_TP_CD, LAST_UPDATE_DT) 
   VALUES (1010379, 1010328, 'READERR', 1010376, CURRENT_TIMESTAMP);
   
INSERT INTO ERRREASON (ERR_REASON_TP_CD, COMPONENT_TYPE_ID, ERR_TYPE_CD, ERR_MESSAGE_TP_CD, LAST_UPDATE_DT) 
   VALUES (1010383, 1010328, 'READERR', 1010380, CURRENT_TIMESTAMP);
   
INSERT INTO ERRREASON (ERR_REASON_TP_CD, COMPONENT_TYPE_ID, ERR_TYPE_CD, ERR_MESSAGE_TP_CD, LAST_UPDATE_DT) 
   VALUES (1010387, 1010328, 'READERR', 1010384, CURRENT_TIMESTAMP);
   
INSERT INTO ERRREASON (ERR_REASON_TP_CD, COMPONENT_TYPE_ID, ERR_TYPE_CD, ERR_MESSAGE_TP_CD, LAST_UPDATE_DT) 
   VALUES (1010212, 1010329, 'READERR', 1010211, CURRENT_TIMESTAMP);
   
INSERT INTO ERRREASON (ERR_REASON_TP_CD, COMPONENT_TYPE_ID, ERR_TYPE_CD, ERR_MESSAGE_TP_CD, LAST_UPDATE_DT) 
   VALUES (1010235, 1010329, 'INSERR', 1010234, CURRENT_TIMESTAMP);
   
INSERT INTO ERRREASON (ERR_REASON_TP_CD, COMPONENT_TYPE_ID, ERR_TYPE_CD, ERR_MESSAGE_TP_CD, LAST_UPDATE_DT) 
   VALUES (1010252, 1010329, 'UPDERR', 1010251, CURRENT_TIMESTAMP);
   
INSERT INTO ERRREASON (ERR_REASON_TP_CD, COMPONENT_TYPE_ID, ERR_TYPE_CD, ERR_MESSAGE_TP_CD, LAST_UPDATE_DT) 
   VALUES (1010377, 1010329, 'READERR', 1010376, CURRENT_TIMESTAMP);
--@Shanu
INSERT INTO ERRREASON (ERR_REASON_TP_CD, COMPONENT_TYPE_ID, ERR_TYPE_CD, ERR_MESSAGE_TP_CD, LAST_UPDATE_DT) 
   VALUES (1010077, 1010076, 'READERR', 1010035, CURRENT_TIMESTAMP);
   
INSERT INTO ERRREASON (ERR_REASON_TP_CD, COMPONENT_TYPE_ID, ERR_TYPE_CD, ERR_MESSAGE_TP_CD, LAST_UPDATE_DT) 
   VALUES (1010079, 1010076, 'READERR', 1010037, CURRENT_TIMESTAMP);
   
INSERT INTO ERRREASON (ERR_REASON_TP_CD, COMPONENT_TYPE_ID, ERR_TYPE_CD, ERR_MESSAGE_TP_CD, LAST_UPDATE_DT) 
   VALUES (1010081, 1010076, 'READERR', 1010039, CURRENT_TIMESTAMP);
   
INSERT INTO ERRREASON (ERR_REASON_TP_CD, COMPONENT_TYPE_ID, ERR_TYPE_CD, ERR_MESSAGE_TP_CD, LAST_UPDATE_DT) 
   VALUES (1010082, 1010076, 'READERR', 1010040, CURRENT_TIMESTAMP);
   
INSERT INTO ERRREASON (ERR_REASON_TP_CD, COMPONENT_TYPE_ID, ERR_TYPE_CD, ERR_MESSAGE_TP_CD, LAST_UPDATE_DT) 
   VALUES (1010083, 1010076, 'READERR', 1010041, CURRENT_TIMESTAMP);
   
INSERT INTO ERRREASON (ERR_REASON_TP_CD, COMPONENT_TYPE_ID, ERR_TYPE_CD, ERR_MESSAGE_TP_CD, LAST_UPDATE_DT) 
   VALUES (1010085, 1010076, 'INSERR', 1010043, CURRENT_TIMESTAMP);
   
INSERT INTO ERRREASON (ERR_REASON_TP_CD, COMPONENT_TYPE_ID, ERR_TYPE_CD, ERR_MESSAGE_TP_CD, LAST_UPDATE_DT) 
   VALUES (1010086, 1010076, 'DKERR', 1010044, CURRENT_TIMESTAMP);
   
INSERT INTO ERRREASON (ERR_REASON_TP_CD, COMPONENT_TYPE_ID, ERR_TYPE_CD, ERR_MESSAGE_TP_CD, LAST_UPDATE_DT) 
   VALUES (1010088, 1010076, 'UPDERR', 1010046, CURRENT_TIMESTAMP);
   
INSERT INTO ERRREASON (ERR_REASON_TP_CD, COMPONENT_TYPE_ID, ERR_TYPE_CD, ERR_MESSAGE_TP_CD, LAST_UPDATE_DT) 
   VALUES (1010071, 1010070, 'FVERR', 20, CURRENT_TIMESTAMP);
   
INSERT INTO ERRREASON (ERR_REASON_TP_CD, COMPONENT_TYPE_ID, ERR_TYPE_CD, ERR_MESSAGE_TP_CD, LAST_UPDATE_DT) 
   VALUES (1010072, 1010070, 'FVERR', 1010032, CURRENT_TIMESTAMP);
   
INSERT INTO ERRREASON (ERR_REASON_TP_CD, COMPONENT_TYPE_ID, ERR_TYPE_CD, ERR_MESSAGE_TP_CD, LAST_UPDATE_DT) 
   VALUES (1010073, 1010070, 'DIERR', 1010033, CURRENT_TIMESTAMP);
   
INSERT INTO ERRREASON (ERR_REASON_TP_CD, COMPONENT_TYPE_ID, ERR_TYPE_CD, ERR_MESSAGE_TP_CD, LAST_UPDATE_DT) 
   VALUES (1010075, 1010074, 'READERR', 1010035, CURRENT_TIMESTAMP);
   
INSERT INTO ERRREASON (ERR_REASON_TP_CD, COMPONENT_TYPE_ID, ERR_TYPE_CD, ERR_MESSAGE_TP_CD, LAST_UPDATE_DT) 
   VALUES (1010078, 1010074, 'READERR', 1010037, CURRENT_TIMESTAMP);
   
INSERT INTO ERRREASON (ERR_REASON_TP_CD, COMPONENT_TYPE_ID, ERR_TYPE_CD, ERR_MESSAGE_TP_CD, LAST_UPDATE_DT) 
   VALUES (1010080, 1010074, 'READERR', 1010039, CURRENT_TIMESTAMP);
   
INSERT INTO ERRREASON (ERR_REASON_TP_CD, COMPONENT_TYPE_ID, ERR_TYPE_CD, ERR_MESSAGE_TP_CD, LAST_UPDATE_DT) 
   VALUES (1010084, 1010074, 'INSERR', 1010043, CURRENT_TIMESTAMP);
   
INSERT INTO ERRREASON (ERR_REASON_TP_CD, COMPONENT_TYPE_ID, ERR_TYPE_CD, ERR_MESSAGE_TP_CD, LAST_UPDATE_DT) 
   VALUES (1010087, 1010074, 'UPDERR', 1010046, CURRENT_TIMESTAMP);
   
INSERT INTO ERRREASON (ERR_REASON_TP_CD, COMPONENT_TYPE_ID, ERR_TYPE_CD, ERR_MESSAGE_TP_CD, LAST_UPDATE_DT) 
   VALUES (1010089, 1010074, 'READERR', 1010051, CURRENT_TIMESTAMP);
  
INSERT INTO ERRREASON (ERR_REASON_TP_CD, COMPONENT_TYPE_ID, ERR_TYPE_CD, ERR_MESSAGE_TP_CD, LAST_UPDATE_DT) 
   VALUES (1010090, 1010070, 'FVERR', 1010047, CURRENT_TIMESTAMP);

INSERT INTO ERRREASON (ERR_REASON_TP_CD, COMPONENT_TYPE_ID, ERR_TYPE_CD, ERR_MESSAGE_TP_CD, LAST_UPDATE_DT) 
   VALUES (1010093, 1010070, 'FVERR', 1010048, CURRENT_TIMESTAMP);
   
INSERT INTO ERRREASON (ERR_REASON_TP_CD, COMPONENT_TYPE_ID, ERR_TYPE_CD, ERR_MESSAGE_TP_CD, LAST_UPDATE_DT) 
   VALUES (1010096, 1010070, 'UPDERR', 1010049, CURRENT_TIMESTAMP);
   
INSERT INTO ERRREASON (ERR_REASON_TP_CD, COMPONENT_TYPE_ID, ERR_TYPE_CD, ERR_MESSAGE_TP_CD, LAST_UPDATE_DT) 
   VALUES (1010099, 1010070, 'UPDERR', 1010050, CURRENT_TIMESTAMP);   

---------------------------------------------
-- ERROR Message 
---------------------------------------------

-- For locale: 100 / default
INSERT INTO CDERRMESSAGETP (LANG_TP_CD, ERR_MESSAGE_TP_CD, ERR_MESSAGE, COMMENTS, LAST_UPDATE_DT) 
   VALUES (100, 1010039, 'The following is required: DataSourceID', 'The following is required: DataSourceID', CURRENT_TIMESTAMP);
INSERT INTO CDERRMESSAGETP (LANG_TP_CD, ERR_MESSAGE_TP_CD, ERR_MESSAGE, COMMENTS, LAST_UPDATE_DT) 
   VALUES (100, 1010043, 'The before image for the following is empty: CTCDataSource.', 'The before image of CTCDataSource is empty.', CURRENT_TIMESTAMP);
INSERT INTO CDERRMESSAGETP (LANG_TP_CD, ERR_MESSAGE_TP_CD, ERR_MESSAGE, COMMENTS, LAST_UPDATE_DT) 
   VALUES (100, 1010060, 'Read of the following record failed: CTCDataSource.', 'An attempt to read the CTCDataSource failed.', CURRENT_TIMESTAMP);
INSERT INTO CDERRMESSAGETP (LANG_TP_CD, ERR_MESSAGE_TP_CD, ERR_MESSAGE, COMMENTS, LAST_UPDATE_DT) 
   VALUES (100, 1010064, 'The following is incorrect: id is null.', 'The id is null.', CURRENT_TIMESTAMP);
INSERT INTO CDERRMESSAGETP (LANG_TP_CD, ERR_MESSAGE_TP_CD, ERR_MESSAGE, COMMENTS, LAST_UPDATE_DT) 
   VALUES (100, 1010068, 'The format of the following is not correct: inquireAsOfDate.', 'The format of inquireAsOfDate is not correct.', CURRENT_TIMESTAMP);
INSERT INTO CDERRMESSAGETP (LANG_TP_CD, ERR_MESSAGE_TP_CD, ERR_MESSAGE, COMMENTS, LAST_UPDATE_DT) 
   VALUES (100, 1010083, 'Insert of the following failed: CTCDataSource.', 'CTCDataSource insert failed.', CURRENT_TIMESTAMP);
INSERT INTO CDERRMESSAGETP (LANG_TP_CD, ERR_MESSAGE_TP_CD, ERR_MESSAGE, COMMENTS, LAST_UPDATE_DT) 
   VALUES (100, 1010087, 'Duplicate primary key already exists.', 'Duplicate primary key already exists.', CURRENT_TIMESTAMP);
INSERT INTO CDERRMESSAGETP (LANG_TP_CD, ERR_MESSAGE_TP_CD, ERR_MESSAGE, COMMENTS, LAST_UPDATE_DT) 
   VALUES (100, 1010100, 'Update of the following failed: CTCDataSource.', 'CTCDataSource update failed.', CURRENT_TIMESTAMP);
INSERT INTO CDERRMESSAGETP (LANG_TP_CD, ERR_MESSAGE_TP_CD, ERR_MESSAGE, COMMENTS, LAST_UPDATE_DT) 
   VALUES (100, 1010114, 'The following is required: InstancePK', 'The following is required: InstancePK', CURRENT_TIMESTAMP);
INSERT INTO CDERRMESSAGETP (LANG_TP_CD, ERR_MESSAGE_TP_CD, ERR_MESSAGE, COMMENTS, LAST_UPDATE_DT) 
   VALUES (100, 1010136, 'The following is not correct: StartDate', 'StartDate is not correct', CURRENT_TIMESTAMP);
INSERT INTO CDERRMESSAGETP (LANG_TP_CD, ERR_MESSAGE_TP_CD, ERR_MESSAGE, COMMENTS, LAST_UPDATE_DT) 
   VALUES (100, 1010148, 'The following is not correct: EndDate', 'EndDate is not correct', CURRENT_TIMESTAMP);
INSERT INTO CDERRMESSAGETP (LANG_TP_CD, ERR_MESSAGE_TP_CD, ERR_MESSAGE, COMMENTS, LAST_UPDATE_DT) 
   VALUES (100, 1010190, 'The following is required: PartySegmentId', 'The following is required: PartySegmentId', CURRENT_TIMESTAMP);
INSERT INTO CDERRMESSAGETP (LANG_TP_CD, ERR_MESSAGE_TP_CD, ERR_MESSAGE, COMMENTS, LAST_UPDATE_DT) 
   VALUES (100, 1010194, 'The before image for the following is empty: CTCPartySegment.', 'The before image of CTCPartySegment is empty.', CURRENT_TIMESTAMP);
INSERT INTO CDERRMESSAGETP (LANG_TP_CD, ERR_MESSAGE_TP_CD, ERR_MESSAGE, COMMENTS, LAST_UPDATE_DT) 
   VALUES (100, 1010211, 'Read of the following record failed: CTCPartySegment.', 'An attempt to read the CTCPartySegment failed.', CURRENT_TIMESTAMP);
INSERT INTO CDERRMESSAGETP (LANG_TP_CD, ERR_MESSAGE_TP_CD, ERR_MESSAGE, COMMENTS, LAST_UPDATE_DT) 
   VALUES (100, 1010215, 'The following is incorrect: id is null.', 'The id is null.', CURRENT_TIMESTAMP);
INSERT INTO CDERRMESSAGETP (LANG_TP_CD, ERR_MESSAGE_TP_CD, ERR_MESSAGE, COMMENTS, LAST_UPDATE_DT) 
   VALUES (100, 1010219, 'The format of the following is not correct: inquireAsOfDate.', 'The format of inquireAsOfDate is not correct.', CURRENT_TIMESTAMP);
INSERT INTO CDERRMESSAGETP (LANG_TP_CD, ERR_MESSAGE_TP_CD, ERR_MESSAGE, COMMENTS, LAST_UPDATE_DT) 
   VALUES (100, 1010234, 'Insert of the following failed: CTCPartySegment.', 'CTCPartySegment insert failed.', CURRENT_TIMESTAMP);
INSERT INTO CDERRMESSAGETP (LANG_TP_CD, ERR_MESSAGE_TP_CD, ERR_MESSAGE, COMMENTS, LAST_UPDATE_DT) 
   VALUES (100, 1010238, 'Duplicate primary key already exists.', 'Duplicate primary key already exists.', CURRENT_TIMESTAMP);
INSERT INTO CDERRMESSAGETP (LANG_TP_CD, ERR_MESSAGE_TP_CD, ERR_MESSAGE, COMMENTS, LAST_UPDATE_DT) 
   VALUES (100, 1010251, 'Update of the following failed: CTCPartySegment.', 'CTCPartySegment update failed.', CURRENT_TIMESTAMP);
INSERT INTO CDERRMESSAGETP (LANG_TP_CD, ERR_MESSAGE_TP_CD, ERR_MESSAGE, COMMENTS, LAST_UPDATE_DT) 
   VALUES (100, 1010257, 'The following is required: ContId', 'The following is required: ContId', CURRENT_TIMESTAMP);
INSERT INTO CDERRMESSAGETP (LANG_TP_CD, ERR_MESSAGE_TP_CD, ERR_MESSAGE, COMMENTS, LAST_UPDATE_DT) 
   VALUES (100, 1010265, 'The following is required: SegmentProvider', 'The following is required: SegmentProvider', CURRENT_TIMESTAMP);
INSERT INTO CDERRMESSAGETP (LANG_TP_CD, ERR_MESSAGE_TP_CD, ERR_MESSAGE, COMMENTS, LAST_UPDATE_DT) 
   VALUES (100, 1010273, 'The following is required: BusinessGroupName', 'The following is required: BusinessGroupName', CURRENT_TIMESTAMP);
INSERT INTO CDERRMESSAGETP (LANG_TP_CD, ERR_MESSAGE_TP_CD, ERR_MESSAGE, COMMENTS, LAST_UPDATE_DT) 
   VALUES (100, 1010281, 'The following is required: SegmentTypeName', 'The following is required: SegmentTypeName', CURRENT_TIMESTAMP);
INSERT INTO CDERRMESSAGETP (LANG_TP_CD, ERR_MESSAGE_TP_CD, ERR_MESSAGE, COMMENTS, LAST_UPDATE_DT) 
   VALUES (100, 1010305, 'The following is required: EffectiveStartDt', 'The following is required: EffectiveStartDt', CURRENT_TIMESTAMP);
INSERT INTO CDERRMESSAGETP (LANG_TP_CD, ERR_MESSAGE_TP_CD, ERR_MESSAGE, COMMENTS, LAST_UPDATE_DT) 
   VALUES (100, 1010311, 'The following is not correct: EffectiveStartDt', 'EffectiveStartDt is not correct', CURRENT_TIMESTAMP);
INSERT INTO CDERRMESSAGETP (LANG_TP_CD, ERR_MESSAGE_TP_CD, ERR_MESSAGE, COMMENTS, LAST_UPDATE_DT) 
   VALUES (100, 1010323, 'The following is not correct: EffectiveEndDt', 'EffectiveEndDt is not correct', CURRENT_TIMESTAMP);
INSERT INTO CDERRMESSAGETP (LANG_TP_CD, ERR_MESSAGE_TP_CD, ERR_MESSAGE, COMMENTS, LAST_UPDATE_DT) 
   VALUES (100, 1010330, 'The following is required: StartDate', 'The following is required: StartDate', CURRENT_TIMESTAMP);
INSERT INTO CDERRMESSAGETP (LANG_TP_CD, ERR_MESSAGE_TP_CD, ERR_MESSAGE, COMMENTS, LAST_UPDATE_DT) 
   VALUES (100, 1010337, 'The following is not correct: AdminSystem', 'AdminSystem is not correct', CURRENT_TIMESTAMP);
INSERT INTO CDERRMESSAGETP (LANG_TP_CD, ERR_MESSAGE_TP_CD, ERR_MESSAGE, COMMENTS, LAST_UPDATE_DT) 
   VALUES (100, 1010341, 'The following is required: AdminSystem', 'The following is required: AdminSystem', CURRENT_TIMESTAMP);
INSERT INTO CDERRMESSAGETP (LANG_TP_CD, ERR_MESSAGE_TP_CD, ERR_MESSAGE, COMMENTS, LAST_UPDATE_DT) 
   VALUES (100, 1010357, 'The following transaction failed: getAllCTCDataSourcesByEntity.', 'The transaction getAllCTCDataSourcesByEntity failed.', CURRENT_TIMESTAMP);
INSERT INTO CDERRMESSAGETP (LANG_TP_CD, ERR_MESSAGE_TP_CD, ERR_MESSAGE, COMMENTS, LAST_UPDATE_DT) 
   VALUES (100, 1010376, 'Read of the following record failed: CTCPartySegment.', 'An attempt to read the CTCPartySegment failed.', CURRENT_TIMESTAMP);
INSERT INTO CDERRMESSAGETP (LANG_TP_CD, ERR_MESSAGE_TP_CD, ERR_MESSAGE, COMMENTS, LAST_UPDATE_DT) 
   VALUES (100, 1010380, 'The following is incorrect: id is null.', 'The id is null.', CURRENT_TIMESTAMP);
INSERT INTO CDERRMESSAGETP (LANG_TP_CD, ERR_MESSAGE_TP_CD, ERR_MESSAGE, COMMENTS, LAST_UPDATE_DT) 
   VALUES (100, 1010384, 'The format of the following is not correct: inquireAsOfDate.', 'The format of inquireAsOfDate is not correct.', CURRENT_TIMESTAMP);
-- @ Swamy manually added from CTCAdditions_CTCContractRolePrivPref_metadata
INSERT INTO CDERRMESSAGETP (LANG_TP_CD, ERR_MESSAGE_TP_CD, ERR_MESSAGE, COMMENTS, LAST_UPDATE_DT) 
   VALUES (100, 1010032, 'The following is required: CTCContractRolePrivPrefIdPK', 'The following is required: CTCContractRolePrivPrefIdPK', CURRENT_TIMESTAMP);
INSERT INTO CDERRMESSAGETP (LANG_TP_CD, ERR_MESSAGE_TP_CD, ERR_MESSAGE, COMMENTS, LAST_UPDATE_DT) 
   VALUES (100, 1010033, 'The before image for the following is empty: CTCContractRolePrivPref.', 'The before image of CTCContractRolePrivPref is empty.', CURRENT_TIMESTAMP);
INSERT INTO CDERRMESSAGETP (LANG_TP_CD, ERR_MESSAGE_TP_CD, ERR_MESSAGE, COMMENTS, LAST_UPDATE_DT) 
   VALUES (100, 1010035, 'The following transaction failed: getCTCContractRolePrivacyPreference.', 'The transaction getCTCContractRolePrivacyPreference failed.', CURRENT_TIMESTAMP);
INSERT INTO CDERRMESSAGETP (LANG_TP_CD, ERR_MESSAGE_TP_CD, ERR_MESSAGE, COMMENTS, LAST_UPDATE_DT) 
   VALUES (100, 1010037, 'The following transaction failed: getAllCTCContractRolePrivacyPreferences.', 'The transaction getAllCTCContractRolePrivacyPreferences failed.', CURRENT_TIMESTAMP);
INSERT INTO CDERRMESSAGETP (LANG_TP_CD, ERR_MESSAGE_TP_CD, ERR_MESSAGE, COMMENTS, LAST_UPDATE_DT) 
   VALUES (100, 1010039, 'Read of the following record failed: CTCContractRolePrivPref.', 'An attempt to read the CTCContractRolePrivPref failed.', CURRENT_TIMESTAMP);
INSERT INTO CDERRMESSAGETP (LANG_TP_CD, ERR_MESSAGE_TP_CD, ERR_MESSAGE, COMMENTS, LAST_UPDATE_DT) 
   VALUES (100, 1010040, 'The following is incorrect: id is null.', 'The id is null.', CURRENT_TIMESTAMP);
INSERT INTO CDERRMESSAGETP (LANG_TP_CD, ERR_MESSAGE_TP_CD, ERR_MESSAGE, COMMENTS, LAST_UPDATE_DT) 
   VALUES (100, 1010041, 'The format of the following is not correct: inquireAsOfDate.', 'The format of inquireAsOfDate is not correct.', CURRENT_TIMESTAMP);
INSERT INTO CDERRMESSAGETP (LANG_TP_CD, ERR_MESSAGE_TP_CD, ERR_MESSAGE, COMMENTS, LAST_UPDATE_DT) 
   VALUES (100, 1010043, 'Insert of the following failed: CTCContractRolePrivPref.', 'CTCContractRolePrivPref insert failed.', CURRENT_TIMESTAMP);
INSERT INTO CDERRMESSAGETP (LANG_TP_CD, ERR_MESSAGE_TP_CD, ERR_MESSAGE, COMMENTS, LAST_UPDATE_DT) 
   VALUES (100, 1010044, 'Duplicate primary key already exists.', 'Duplicate primary key already exists.', CURRENT_TIMESTAMP);
INSERT INTO CDERRMESSAGETP (LANG_TP_CD, ERR_MESSAGE_TP_CD, ERR_MESSAGE, COMMENTS, LAST_UPDATE_DT) 
   VALUES (100, 1010046, 'Update of the following failed: CTCContractRolePrivPref.', 'CTCContractRolePrivPref update failed.', CURRENT_TIMESTAMP);
INSERT INTO CDERRMESSAGETP (LANG_TP_CD, ERR_MESSAGE_TP_CD, ERR_MESSAGE, COMMENTS, LAST_UPDATE_DT) 
   VALUES (100, 1010047, 'The following is required: ContractRoleId.', 'The following is required: ContractRoleId.', CURRENT_TIMESTAMP);
INSERT INTO CDERRMESSAGETP (LANG_TP_CD, ERR_MESSAGE_TP_CD, ERR_MESSAGE, COMMENTS, LAST_UPDATE_DT) 
   VALUES (100, 1010048, 'The following is not found: ContractPartyRole.', 'The following is not found: ContractPartyRole.', CURRENT_TIMESTAMP);
INSERT INTO CDERRMESSAGETP (LANG_TP_CD, ERR_MESSAGE_TP_CD, ERR_MESSAGE, COMMENTS, LAST_UPDATE_DT) 
   VALUES (100, 1010049, 'The following cannot be updated: ContractRoleId.', 'The following cannot be updated: ContractRoleId.', CURRENT_TIMESTAMP);
INSERT INTO CDERRMESSAGETP (LANG_TP_CD, ERR_MESSAGE_TP_CD, ERR_MESSAGE, COMMENTS, LAST_UPDATE_DT) 
   VALUES (100, 1010050, 'The before image for the following is empty: CTCContractRolePrivPref.', 'The before image for the following is empty: CTCContractRolePrivPref.', CURRENT_TIMESTAMP);
INSERT INTO CDERRMESSAGETP (LANG_TP_CD, ERR_MESSAGE_TP_CD, ERR_MESSAGE, COMMENTS, LAST_UPDATE_DT) 
   VALUES (100, 1010051, 'CTCContractRolePrivPref Record Not Found.', 'CTCContractRolePrivPref Record Not Found.', CURRENT_TIMESTAMP);   

----------------------------------------------
-- Add record for the database table for CTCDataSource
----------------------------------------------

INSERT INTO CDDWLTABLETP (DWLTABLE_TP_CD, TABLE_NAME, DESCRIPTION, LAST_UPDATE_DT, EXPIRY_DT, CODE_TYPE_IND, DWL_PROD_TP_CD)
VALUES (1010021, 'CTCDATASOURCE', null, CURRENT_TIMESTAMP, null, 'Y', 1);

INSERT INTO CDDWLTABLETP (DWLTABLE_TP_CD, TABLE_NAME, DESCRIPTION, LAST_UPDATE_DT, EXPIRY_DT, CODE_TYPE_IND, DWL_PROD_TP_CD)
VALUES (1010022, 'H_CTCDATASOURCE', null, CURRENT_TIMESTAMP, null, 'Y', 1);

----------------------------------------------
-- Add records for the table columns for CTCDataSource
----------------------------------------------


INSERT INTO CDDWLCOLUMNTP (DWLCOLUMN_TP_CD, DWLTABLE_TP_CD, COLUMN_NAME, EXPIRY_DT, LAST_UPDATE_DT, DESCRIPTION, LOCALE_SENSITIVE)
VALUES (1010037, 1010021, 'data_source_id', null, CURRENT_TIMESTAMP, null, 'N');

INSERT INTO CDDWLCOLUMNTP (DWLCOLUMN_TP_CD, DWLTABLE_TP_CD, COLUMN_NAME, EXPIRY_DT, LAST_UPDATE_DT, DESCRIPTION, LOCALE_SENSITIVE)
VALUES (1010110, 1010021, 'entity_name', null, CURRENT_TIMESTAMP, null, 'N');

INSERT INTO CDDWLCOLUMNTP (DWLCOLUMN_TP_CD, DWLTABLE_TP_CD, COLUMN_NAME, EXPIRY_DT, LAST_UPDATE_DT, DESCRIPTION, LOCALE_SENSITIVE)
VALUES (1010118, 1010021, 'instance_pk', null, CURRENT_TIMESTAMP, null, 'N');

INSERT INTO CDDWLCOLUMNTP (DWLCOLUMN_TP_CD, DWLTABLE_TP_CD, COLUMN_NAME, EXPIRY_DT, LAST_UPDATE_DT, DESCRIPTION, LOCALE_SENSITIVE)
VALUES (1010126, 1010021, 'attribute_name', null, CURRENT_TIMESTAMP, null, 'N');

INSERT INTO CDDWLCOLUMNTP (DWLCOLUMN_TP_CD, DWLTABLE_TP_CD, COLUMN_NAME, EXPIRY_DT, LAST_UPDATE_DT, DESCRIPTION, LOCALE_SENSITIVE)
VALUES (1010134, 1010021, 'start_dt', null, CURRENT_TIMESTAMP, null, 'N');

INSERT INTO CDDWLCOLUMNTP (DWLCOLUMN_TP_CD, DWLTABLE_TP_CD, COLUMN_NAME, EXPIRY_DT, LAST_UPDATE_DT, DESCRIPTION, LOCALE_SENSITIVE)
VALUES (1010146, 1010021, 'end_dt', null, CURRENT_TIMESTAMP, null, 'N');

INSERT INTO CDDWLCOLUMNTP (DWLCOLUMN_TP_CD, DWLTABLE_TP_CD, COLUMN_NAME, EXPIRY_DT, LAST_UPDATE_DT, DESCRIPTION, LOCALE_SENSITIVE)
VALUES (1010345, 1010021, 'admin_sys_tp_cd', null, CURRENT_TIMESTAMP, null, 'N');

INSERT INTO CDDWLCOLUMNTP (DWLCOLUMN_TP_CD, DWLTABLE_TP_CD, COLUMN_NAME, EXPIRY_DT, LAST_UPDATE_DT, DESCRIPTION, LOCALE_SENSITIVE)
VALUES (1010023, 1010021, 'LAST_UPDATE_DT', null, CURRENT_TIMESTAMP, null, 'N');

INSERT INTO CDDWLCOLUMNTP (DWLCOLUMN_TP_CD, DWLTABLE_TP_CD, COLUMN_NAME, EXPIRY_DT, LAST_UPDATE_DT, DESCRIPTION, LOCALE_SENSITIVE)
VALUES (1010033, 1010021, 'LAST_UPDATE_TX_ID', null, CURRENT_TIMESTAMP, null, 'N');

INSERT INTO CDDWLCOLUMNTP (DWLCOLUMN_TP_CD, DWLTABLE_TP_CD, COLUMN_NAME, EXPIRY_DT, LAST_UPDATE_DT, DESCRIPTION, LOCALE_SENSITIVE)
VALUES (1010025, 1010021, 'LAST_UPDATE_USER', null, CURRENT_TIMESTAMP, null, 'N');

INSERT INTO CDDWLCOLUMNTP (DWLCOLUMN_TP_CD, DWLTABLE_TP_CD, COLUMN_NAME, EXPIRY_DT, LAST_UPDATE_DT, DESCRIPTION, LOCALE_SENSITIVE)
VALUES (1010038, 1010022, 'data_source_id', null, CURRENT_TIMESTAMP, null, 'N');

INSERT INTO CDDWLCOLUMNTP (DWLCOLUMN_TP_CD, DWLTABLE_TP_CD, COLUMN_NAME, EXPIRY_DT, LAST_UPDATE_DT, DESCRIPTION, LOCALE_SENSITIVE)
VALUES (1010111, 1010022, 'entity_name', null, CURRENT_TIMESTAMP, null, 'N');

INSERT INTO CDDWLCOLUMNTP (DWLCOLUMN_TP_CD, DWLTABLE_TP_CD, COLUMN_NAME, EXPIRY_DT, LAST_UPDATE_DT, DESCRIPTION, LOCALE_SENSITIVE)
VALUES (1010119, 1010022, 'instance_pk', null, CURRENT_TIMESTAMP, null, 'N');

INSERT INTO CDDWLCOLUMNTP (DWLCOLUMN_TP_CD, DWLTABLE_TP_CD, COLUMN_NAME, EXPIRY_DT, LAST_UPDATE_DT, DESCRIPTION, LOCALE_SENSITIVE)
VALUES (1010127, 1010022, 'attribute_name', null, CURRENT_TIMESTAMP, null, 'N');

INSERT INTO CDDWLCOLUMNTP (DWLCOLUMN_TP_CD, DWLTABLE_TP_CD, COLUMN_NAME, EXPIRY_DT, LAST_UPDATE_DT, DESCRIPTION, LOCALE_SENSITIVE)
VALUES (1010135, 1010022, 'start_dt', null, CURRENT_TIMESTAMP, null, 'N');

INSERT INTO CDDWLCOLUMNTP (DWLCOLUMN_TP_CD, DWLTABLE_TP_CD, COLUMN_NAME, EXPIRY_DT, LAST_UPDATE_DT, DESCRIPTION, LOCALE_SENSITIVE)
VALUES (1010147, 1010022, 'end_dt', null, CURRENT_TIMESTAMP, null, 'N');

INSERT INTO CDDWLCOLUMNTP (DWLCOLUMN_TP_CD, DWLTABLE_TP_CD, COLUMN_NAME, EXPIRY_DT, LAST_UPDATE_DT, DESCRIPTION, LOCALE_SENSITIVE)
VALUES (1010346, 1010022, 'admin_sys_tp_cd', null, CURRENT_TIMESTAMP, null, 'N');

INSERT INTO CDDWLCOLUMNTP (DWLCOLUMN_TP_CD, DWLTABLE_TP_CD, COLUMN_NAME, EXPIRY_DT, LAST_UPDATE_DT, DESCRIPTION, LOCALE_SENSITIVE)
VALUES (1010031, 1010022, 'h_action_code', null, CURRENT_TIMESTAMP, null, 'N');

INSERT INTO CDDWLCOLUMNTP (DWLCOLUMN_TP_CD, DWLTABLE_TP_CD, COLUMN_NAME, EXPIRY_DT, LAST_UPDATE_DT, DESCRIPTION, LOCALE_SENSITIVE)
VALUES (1010026, 1010022, 'h_create_dt', null, CURRENT_TIMESTAMP, null, 'N');

INSERT INTO CDDWLCOLUMNTP (DWLCOLUMN_TP_CD, DWLTABLE_TP_CD, COLUMN_NAME, EXPIRY_DT, LAST_UPDATE_DT, DESCRIPTION, LOCALE_SENSITIVE)
VALUES (1010024, 1010022, 'h_created_by', null, CURRENT_TIMESTAMP, null, 'N');

INSERT INTO CDDWLCOLUMNTP (DWLCOLUMN_TP_CD, DWLTABLE_TP_CD, COLUMN_NAME, EXPIRY_DT, LAST_UPDATE_DT, DESCRIPTION, LOCALE_SENSITIVE)
VALUES (1010030, 1010022, 'h_end_dt', null, CURRENT_TIMESTAMP, null, 'N');

INSERT INTO CDDWLCOLUMNTP (DWLCOLUMN_TP_CD, DWLTABLE_TP_CD, COLUMN_NAME, EXPIRY_DT, LAST_UPDATE_DT, DESCRIPTION, LOCALE_SENSITIVE)
VALUES (1010028, 1010022, 'H_data_source_id', null, CURRENT_TIMESTAMP, null, 'N');

----------------------------------------------
-- Add record for the database table for CTCPartySegment
----------------------------------------------

INSERT INTO CDDWLTABLETP (DWLTABLE_TP_CD, TABLE_NAME, DESCRIPTION, LAST_UPDATE_DT, EXPIRY_DT, CODE_TYPE_IND, DWL_PROD_TP_CD)
VALUES (1010172, 'CTCPARTYSEGMENT', null, CURRENT_TIMESTAMP, null, 'Y', 1);

INSERT INTO CDDWLTABLETP (DWLTABLE_TP_CD, TABLE_NAME, DESCRIPTION, LAST_UPDATE_DT, EXPIRY_DT, CODE_TYPE_IND, DWL_PROD_TP_CD)
VALUES (1010173, 'H_CTCPARTYSEGMENT', null, CURRENT_TIMESTAMP, null, 'Y', 1);

----------------------------------------------
-- Add records for the table columns for CTCPartySegment
----------------------------------------------


INSERT INTO CDDWLCOLUMNTP (DWLCOLUMN_TP_CD, DWLTABLE_TP_CD, COLUMN_NAME, EXPIRY_DT, LAST_UPDATE_DT, DESCRIPTION, LOCALE_SENSITIVE)
VALUES (1010188, 1010172, 'party_segment_id', null, CURRENT_TIMESTAMP, null, 'N');

INSERT INTO CDDWLCOLUMNTP (DWLCOLUMN_TP_CD, DWLTABLE_TP_CD, COLUMN_NAME, EXPIRY_DT, LAST_UPDATE_DT, DESCRIPTION, LOCALE_SENSITIVE)
VALUES (1010261, 1010172, 'cont_id', null, CURRENT_TIMESTAMP, null, 'N');

INSERT INTO CDDWLCOLUMNTP (DWLCOLUMN_TP_CD, DWLTABLE_TP_CD, COLUMN_NAME, EXPIRY_DT, LAST_UPDATE_DT, DESCRIPTION, LOCALE_SENSITIVE)
VALUES (1010269, 1010172, 'segment_provider', null, CURRENT_TIMESTAMP, null, 'N');

INSERT INTO CDDWLCOLUMNTP (DWLCOLUMN_TP_CD, DWLTABLE_TP_CD, COLUMN_NAME, EXPIRY_DT, LAST_UPDATE_DT, DESCRIPTION, LOCALE_SENSITIVE)
VALUES (1010277, 1010172, 'business_group_name', null, CURRENT_TIMESTAMP, null, 'N');

INSERT INTO CDDWLCOLUMNTP (DWLCOLUMN_TP_CD, DWLTABLE_TP_CD, COLUMN_NAME, EXPIRY_DT, LAST_UPDATE_DT, DESCRIPTION, LOCALE_SENSITIVE)
VALUES (1010285, 1010172, 'segment_type_name', null, CURRENT_TIMESTAMP, null, 'N');

INSERT INTO CDDWLCOLUMNTP (DWLCOLUMN_TP_CD, DWLTABLE_TP_CD, COLUMN_NAME, EXPIRY_DT, LAST_UPDATE_DT, DESCRIPTION, LOCALE_SENSITIVE)
VALUES (1010293, 1010172, 'segment_value', null, CURRENT_TIMESTAMP, null, 'N');

INSERT INTO CDDWLCOLUMNTP (DWLCOLUMN_TP_CD, DWLTABLE_TP_CD, COLUMN_NAME, EXPIRY_DT, LAST_UPDATE_DT, DESCRIPTION, LOCALE_SENSITIVE)
VALUES (1010301, 1010172, 'segment_category_type', null, CURRENT_TIMESTAMP, null, 'N');

INSERT INTO CDDWLCOLUMNTP (DWLCOLUMN_TP_CD, DWLTABLE_TP_CD, COLUMN_NAME, EXPIRY_DT, LAST_UPDATE_DT, DESCRIPTION, LOCALE_SENSITIVE)
VALUES (1010309, 1010172, 'effective_start_dt', null, CURRENT_TIMESTAMP, null, 'N');

INSERT INTO CDDWLCOLUMNTP (DWLCOLUMN_TP_CD, DWLTABLE_TP_CD, COLUMN_NAME, EXPIRY_DT, LAST_UPDATE_DT, DESCRIPTION, LOCALE_SENSITIVE)
VALUES (1010361, 1010172, 'effective_end_dt', null, CURRENT_TIMESTAMP, null, 'N');

INSERT INTO CDDWLCOLUMNTP (DWLCOLUMN_TP_CD, DWLTABLE_TP_CD, COLUMN_NAME, EXPIRY_DT, LAST_UPDATE_DT, DESCRIPTION, LOCALE_SENSITIVE)
VALUES (1010174, 1010172, 'LAST_UPDATE_DT', null, CURRENT_TIMESTAMP, null, 'N');

INSERT INTO CDDWLCOLUMNTP (DWLCOLUMN_TP_CD, DWLTABLE_TP_CD, COLUMN_NAME, EXPIRY_DT, LAST_UPDATE_DT, DESCRIPTION, LOCALE_SENSITIVE)
VALUES (1010184, 1010172, 'LAST_UPDATE_TX_ID', null, CURRENT_TIMESTAMP, null, 'N');

INSERT INTO CDDWLCOLUMNTP (DWLCOLUMN_TP_CD, DWLTABLE_TP_CD, COLUMN_NAME, EXPIRY_DT, LAST_UPDATE_DT, DESCRIPTION, LOCALE_SENSITIVE)
VALUES (1010176, 1010172, 'LAST_UPDATE_USER', null, CURRENT_TIMESTAMP, null, 'N');

INSERT INTO CDDWLCOLUMNTP (DWLCOLUMN_TP_CD, DWLTABLE_TP_CD, COLUMN_NAME, EXPIRY_DT, LAST_UPDATE_DT, DESCRIPTION, LOCALE_SENSITIVE)
VALUES (1010189, 1010173, 'party_segment_id', null, CURRENT_TIMESTAMP, null, 'N');

INSERT INTO CDDWLCOLUMNTP (DWLCOLUMN_TP_CD, DWLTABLE_TP_CD, COLUMN_NAME, EXPIRY_DT, LAST_UPDATE_DT, DESCRIPTION, LOCALE_SENSITIVE)
VALUES (1010262, 1010173, 'cont_id', null, CURRENT_TIMESTAMP, null, 'N');

INSERT INTO CDDWLCOLUMNTP (DWLCOLUMN_TP_CD, DWLTABLE_TP_CD, COLUMN_NAME, EXPIRY_DT, LAST_UPDATE_DT, DESCRIPTION, LOCALE_SENSITIVE)
VALUES (1010270, 1010173, 'segment_provider', null, CURRENT_TIMESTAMP, null, 'N');

INSERT INTO CDDWLCOLUMNTP (DWLCOLUMN_TP_CD, DWLTABLE_TP_CD, COLUMN_NAME, EXPIRY_DT, LAST_UPDATE_DT, DESCRIPTION, LOCALE_SENSITIVE)
VALUES (1010278, 1010173, 'business_group_name', null, CURRENT_TIMESTAMP, null, 'N');

INSERT INTO CDDWLCOLUMNTP (DWLCOLUMN_TP_CD, DWLTABLE_TP_CD, COLUMN_NAME, EXPIRY_DT, LAST_UPDATE_DT, DESCRIPTION, LOCALE_SENSITIVE)
VALUES (1010286, 1010173, 'segment_type_name', null, CURRENT_TIMESTAMP, null, 'N');

INSERT INTO CDDWLCOLUMNTP (DWLCOLUMN_TP_CD, DWLTABLE_TP_CD, COLUMN_NAME, EXPIRY_DT, LAST_UPDATE_DT, DESCRIPTION, LOCALE_SENSITIVE)
VALUES (1010294, 1010173, 'segment_value', null, CURRENT_TIMESTAMP, null, 'N');

INSERT INTO CDDWLCOLUMNTP (DWLCOLUMN_TP_CD, DWLTABLE_TP_CD, COLUMN_NAME, EXPIRY_DT, LAST_UPDATE_DT, DESCRIPTION, LOCALE_SENSITIVE)
VALUES (1010302, 1010173, 'segment_category_type', null, CURRENT_TIMESTAMP, null, 'N');

INSERT INTO CDDWLCOLUMNTP (DWLCOLUMN_TP_CD, DWLTABLE_TP_CD, COLUMN_NAME, EXPIRY_DT, LAST_UPDATE_DT, DESCRIPTION, LOCALE_SENSITIVE)
VALUES (1010310, 1010173, 'effective_start_dt', null, CURRENT_TIMESTAMP, null, 'N');

INSERT INTO CDDWLCOLUMNTP (DWLCOLUMN_TP_CD, DWLTABLE_TP_CD, COLUMN_NAME, EXPIRY_DT, LAST_UPDATE_DT, DESCRIPTION, LOCALE_SENSITIVE)
VALUES (1010362, 1010173, 'effective_end_dt', null, CURRENT_TIMESTAMP, null, 'N');

INSERT INTO CDDWLCOLUMNTP (DWLCOLUMN_TP_CD, DWLTABLE_TP_CD, COLUMN_NAME, EXPIRY_DT, LAST_UPDATE_DT, DESCRIPTION, LOCALE_SENSITIVE)
VALUES (1010182, 1010173, 'h_action_code', null, CURRENT_TIMESTAMP, null, 'N');

INSERT INTO CDDWLCOLUMNTP (DWLCOLUMN_TP_CD, DWLTABLE_TP_CD, COLUMN_NAME, EXPIRY_DT, LAST_UPDATE_DT, DESCRIPTION, LOCALE_SENSITIVE)
VALUES (1010177, 1010173, 'h_create_dt', null, CURRENT_TIMESTAMP, null, 'N');

INSERT INTO CDDWLCOLUMNTP (DWLCOLUMN_TP_CD, DWLTABLE_TP_CD, COLUMN_NAME, EXPIRY_DT, LAST_UPDATE_DT, DESCRIPTION, LOCALE_SENSITIVE)
VALUES (1010175, 1010173, 'h_created_by', null, CURRENT_TIMESTAMP, null, 'N');

INSERT INTO CDDWLCOLUMNTP (DWLCOLUMN_TP_CD, DWLTABLE_TP_CD, COLUMN_NAME, EXPIRY_DT, LAST_UPDATE_DT, DESCRIPTION, LOCALE_SENSITIVE)
VALUES (1010181, 1010173, 'h_end_dt', null, CURRENT_TIMESTAMP, null, 'N');

INSERT INTO CDDWLCOLUMNTP (DWLCOLUMN_TP_CD, DWLTABLE_TP_CD, COLUMN_NAME, EXPIRY_DT, LAST_UPDATE_DT, DESCRIPTION, LOCALE_SENSITIVE)
VALUES (1010179, 1010173, 'H_party_segment_id', null, CURRENT_TIMESTAMP, null, 'N');

----------------------------------------------
-- V_GROUP
----------------------------------------------

INSERT INTO V_GROUP (GROUP_NAME, APPLICATION, OBJECT_NAME, LAST_UPDATE_DT, SORTBY, ALIAS_NAME, PARENT_GRP_NAME ) 
  VALUES ('CTCDataSourceBObj', 'TCRM', 'com.ctc.mdm.addition.component.CTCDataSourceBObj', CURRENT_TIMESTAMP, 'LAST_UPDATE_DT', 'CTCDATASOURCE', null);
INSERT INTO V_GROUP (GROUP_NAME, APPLICATION, OBJECT_NAME, LAST_UPDATE_DT, SORTBY, ALIAS_NAME, PARENT_GRP_NAME ) 
  VALUES ('CTCPartySegmentBObj', 'TCRM', 'com.ctc.mdm.addition.component.CTCPartySegmentBObj', CURRENT_TIMESTAMP, 'LAST_UPDATE_DT', 'CTCPARTYSEGMENT', null);
--@Shanu
INSERT INTO V_GROUP (GROUP_NAME, APPLICATION, OBJECT_NAME, LAST_UPDATE_DT, SORTBY, ALIAS_NAME, PARENT_GRP_NAME ) 
  VALUES ('CTCContractRolePrivPrefBObj', 'TCRM', 'com.ctc.mdm.addition.component.CTCContractRolePrivPrefBObj', CURRENT_TIMESTAMP, 'LAST_UPDATE_DT', 'CTCCONTRACTROLEPRIVPREF', null);

----------------------------------------------
-- Connect V_GROUP record with CDDWLTABLETP
----------------------------------------------
CREATE SEQUENCE MDM114.GROUPDWLTABLE_ID_SEQ START WITH 1010000 INCREMENT BY 1 MINVALUE 1010000 MAXVALUE 1019999 CACHE 10;

INSERT INTO GROUPDWLTABLE (GROUP_DWLTABLE_ID, APPLICATION, GROUP_NAME, DWLTABLE_TP_CD, LAST_UPDATE_USER, LAST_UPDATE_DT)
VALUES (GROUPDWLTABLE_ID_SEQ.nextval, 'TCRM', 'CTCDataSourceBObj', 1010021, 'cusadmin', CURRENT_TIMESTAMP);

--@Shanu
INSERT INTO GROUPDWLTABLE (GROUP_DWLTABLE_ID, APPLICATION, GROUP_NAME, DWLTABLE_TP_CD, LAST_UPDATE_USER, LAST_UPDATE_DT)
VALUES (1010153, 'TCRM', 'CTCContractRolePrivPrefBObj', 314, 'cusadmin', CURRENT_TIMESTAMP);

INSERT INTO GROUPDWLTABLE (GROUP_DWLTABLE_ID, APPLICATION, GROUP_NAME, DWLTABLE_TP_CD, LAST_UPDATE_USER, LAST_UPDATE_DT)
VALUES (1010154, 'TCRM', 'CTCContractRolePrivPrefBObj', 315, 'cusadmin', CURRENT_TIMESTAMP);

INSERT INTO GROUPDWLTABLE (GROUP_DWLTABLE_ID, APPLICATION, GROUP_NAME, DWLTABLE_TP_CD, LAST_UPDATE_USER, LAST_UPDATE_DT)
VALUES (1010155, 'TCRM', 'CTCContractRolePrivPrefBObj', 316, 'cusadmin', CURRENT_TIMESTAMP);

----------------------------------------------
-- Add attributes for entity type CTCDataSource to V_ELEMENT table
----------------------------------------------

INSERT INTO V_ELEMENT (ELEMENT_NAME, GROUP_NAME, APPLICATION, ATTRIBUTE_NAME, LAST_UPDATE_DT, RESPONSE_ORDER, ELEMENTAPPNAME, ELEMENTGROUPNAME, DWLCOLUMN_TP_CD, CARDINALITY_TP_CD) 
   VALUES ('DataSourceID', 'CTCDataSourceBObj', 'TCRM', 'DataSourceID', CURRENT_TIMESTAMP, 10, null,  null, 1010037, 1);
INSERT INTO V_ELEMENT (ELEMENT_NAME, GROUP_NAME, APPLICATION, ATTRIBUTE_NAME, LAST_UPDATE_DT, RESPONSE_ORDER, ELEMENTAPPNAME, ELEMENTGROUPNAME, DWLCOLUMN_TP_CD, CARDINALITY_TP_CD) 
   VALUES ('EntityName', 'CTCDataSourceBObj', 'TCRM', 'EntityName', CURRENT_TIMESTAMP, 20, null,  null, 1010110, 1);
INSERT INTO V_ELEMENT (ELEMENT_NAME, GROUP_NAME, APPLICATION, ATTRIBUTE_NAME, LAST_UPDATE_DT, RESPONSE_ORDER, ELEMENTAPPNAME, ELEMENTGROUPNAME, DWLCOLUMN_TP_CD, CARDINALITY_TP_CD) 
   VALUES ('InstancePK', 'CTCDataSourceBObj', 'TCRM', 'InstancePK', CURRENT_TIMESTAMP, 30, null,  null, 1010118, 1);
INSERT INTO V_ELEMENT (ELEMENT_NAME, GROUP_NAME, APPLICATION, ATTRIBUTE_NAME, LAST_UPDATE_DT, RESPONSE_ORDER, ELEMENTAPPNAME, ELEMENTGROUPNAME, DWLCOLUMN_TP_CD, CARDINALITY_TP_CD) 
   VALUES ('AttributeName', 'CTCDataSourceBObj', 'TCRM', 'AttributeName', CURRENT_TIMESTAMP, 40, null,  null, 1010126, 1);
INSERT INTO V_ELEMENT (ELEMENT_NAME, GROUP_NAME, APPLICATION, ATTRIBUTE_NAME, LAST_UPDATE_DT, RESPONSE_ORDER, ELEMENTAPPNAME, ELEMENTGROUPNAME, DWLCOLUMN_TP_CD, CARDINALITY_TP_CD) 
   VALUES ('StartDate', 'CTCDataSourceBObj', 'TCRM', 'StartDate', CURRENT_TIMESTAMP, 50, null,  null, 1010134, 1);
INSERT INTO V_ELEMENT (ELEMENT_NAME, GROUP_NAME, APPLICATION, ATTRIBUTE_NAME, LAST_UPDATE_DT, RESPONSE_ORDER, ELEMENTAPPNAME, ELEMENTGROUPNAME, DWLCOLUMN_TP_CD, CARDINALITY_TP_CD) 
   VALUES ('EndDate', 'CTCDataSourceBObj', 'TCRM', 'EndDate', CURRENT_TIMESTAMP, 60, null,  null, 1010146, 1);
INSERT INTO V_ELEMENT (ELEMENT_NAME, GROUP_NAME, APPLICATION, ATTRIBUTE_NAME, LAST_UPDATE_DT, RESPONSE_ORDER, ELEMENTAPPNAME, ELEMENTGROUPNAME, DWLCOLUMN_TP_CD, CARDINALITY_TP_CD) 
   VALUES ('AdminSystemType', 'CTCDataSourceBObj', 'TCRM', 'AdminSystemType', CURRENT_TIMESTAMP, 70, 'TCRM',  'ClientPotentialTypeTypeBObj', 1010345, 1);
INSERT INTO V_ELEMENT (ELEMENT_NAME, GROUP_NAME, APPLICATION, ATTRIBUTE_NAME, LAST_UPDATE_DT, RESPONSE_ORDER, ELEMENTAPPNAME, ELEMENTGROUPNAME, DWLCOLUMN_TP_CD, CARDINALITY_TP_CD) 
   VALUES ('AdminSystemValue', 'CTCDataSourceBObj', 'TCRM', 'AdminSystemValue', CURRENT_TIMESTAMP, 80, null,  null, null, 1);
INSERT INTO V_ELEMENT (ELEMENT_NAME, GROUP_NAME, APPLICATION, ATTRIBUTE_NAME, LAST_UPDATE_DT, RESPONSE_ORDER, ELEMENTAPPNAME, ELEMENTGROUPNAME, DWLCOLUMN_TP_CD, CARDINALITY_TP_CD) 
   VALUES ('CTCDataSourceLastUpdateDate', 'CTCDataSourceBObj', 'TCRM', 'CTCDataSourceLastUpdateDate', CURRENT_TIMESTAMP, 90, null,  null, 1010023, 1);
INSERT INTO V_ELEMENT (ELEMENT_NAME, GROUP_NAME, APPLICATION, ATTRIBUTE_NAME, LAST_UPDATE_DT, RESPONSE_ORDER, ELEMENTAPPNAME, ELEMENTGROUPNAME, DWLCOLUMN_TP_CD, CARDINALITY_TP_CD) 
   VALUES ('CTCDataSourceLastUpdateTxId', 'CTCDataSourceBObj', 'TCRM', 'CTCDataSourceLastUpdateTxId', CURRENT_TIMESTAMP, 100, null,  null, 1010033, 1);
INSERT INTO V_ELEMENT (ELEMENT_NAME, GROUP_NAME, APPLICATION, ATTRIBUTE_NAME, LAST_UPDATE_DT, RESPONSE_ORDER, ELEMENTAPPNAME, ELEMENTGROUPNAME, DWLCOLUMN_TP_CD, CARDINALITY_TP_CD) 
   VALUES ('CTCDataSourceLastUpdateUser', 'CTCDataSourceBObj', 'TCRM', 'CTCDataSourceLastUpdateUser', CURRENT_TIMESTAMP, 110, null,  null, 1010025, 1);
INSERT INTO V_ELEMENT (ELEMENT_NAME, GROUP_NAME, APPLICATION, ATTRIBUTE_NAME, LAST_UPDATE_DT, RESPONSE_ORDER, ELEMENTAPPNAME, ELEMENTGROUPNAME, DWLCOLUMN_TP_CD, CARDINALITY_TP_CD) 
   VALUES ('CTCDataSourceHistActionCode', 'CTCDataSourceBObj', 'TCRM', 'CTCDataSourceHistActionCode', CURRENT_TIMESTAMP, 120, null,  null, 1010031, 1);
INSERT INTO V_ELEMENT (ELEMENT_NAME, GROUP_NAME, APPLICATION, ATTRIBUTE_NAME, LAST_UPDATE_DT, RESPONSE_ORDER, ELEMENTAPPNAME, ELEMENTGROUPNAME, DWLCOLUMN_TP_CD, CARDINALITY_TP_CD) 
   VALUES ('CTCDataSourceHistCreateDate', 'CTCDataSourceBObj', 'TCRM', 'CTCDataSourceHistCreateDate', CURRENT_TIMESTAMP, 130, null,  null, 1010026, 1);
INSERT INTO V_ELEMENT (ELEMENT_NAME, GROUP_NAME, APPLICATION, ATTRIBUTE_NAME, LAST_UPDATE_DT, RESPONSE_ORDER, ELEMENTAPPNAME, ELEMENTGROUPNAME, DWLCOLUMN_TP_CD, CARDINALITY_TP_CD) 
   VALUES ('CTCDataSourceHistCreatedBy', 'CTCDataSourceBObj', 'TCRM', 'CTCDataSourceHistCreatedBy', CURRENT_TIMESTAMP, 140, null,  null, 1010024, 1);
INSERT INTO V_ELEMENT (ELEMENT_NAME, GROUP_NAME, APPLICATION, ATTRIBUTE_NAME, LAST_UPDATE_DT, RESPONSE_ORDER, ELEMENTAPPNAME, ELEMENTGROUPNAME, DWLCOLUMN_TP_CD, CARDINALITY_TP_CD) 
   VALUES ('CTCDataSourceHistEndDate', 'CTCDataSourceBObj', 'TCRM', 'CTCDataSourceHistEndDate', CURRENT_TIMESTAMP, 150, null,  null, 1010030, 1);
INSERT INTO V_ELEMENT (ELEMENT_NAME, GROUP_NAME, APPLICATION, ATTRIBUTE_NAME, LAST_UPDATE_DT, RESPONSE_ORDER, ELEMENTAPPNAME, ELEMENTGROUPNAME, DWLCOLUMN_TP_CD, CARDINALITY_TP_CD) 
   VALUES ('CTCDataSourceHistoryIdPK', 'CTCDataSourceBObj', 'TCRM', 'CTCDataSourceHistoryIdPK', CURRENT_TIMESTAMP, 160, null,  null, 1010028, 1);
----------------------------------------------
-- Connect V_GROUP record with CDDWLTABLETP
----------------------------------------------

INSERT INTO GROUPDWLTABLE (GROUP_DWLTABLE_ID, APPLICATION, GROUP_NAME, DWLTABLE_TP_CD, LAST_UPDATE_USER, LAST_UPDATE_DT)
VALUES (GROUPDWLTABLE_ID_SEQ.nextval, 'TCRM', 'CTCPartySegmentBObj', 1010172, 'cusadmin', CURRENT_TIMESTAMP);

----------------------------------------------
-- Add attributes for entity type CTCPartySegment to V_ELEMENT table
----------------------------------------------

INSERT INTO V_ELEMENT (ELEMENT_NAME, GROUP_NAME, APPLICATION, ATTRIBUTE_NAME, LAST_UPDATE_DT, RESPONSE_ORDER, ELEMENTAPPNAME, ELEMENTGROUPNAME, DWLCOLUMN_TP_CD, CARDINALITY_TP_CD) 
   VALUES ('PartySegmentId', 'CTCPartySegmentBObj', 'TCRM', 'PartySegmentId', CURRENT_TIMESTAMP, 10, null,  null, 1010188, 1);
INSERT INTO V_ELEMENT (ELEMENT_NAME, GROUP_NAME, APPLICATION, ATTRIBUTE_NAME, LAST_UPDATE_DT, RESPONSE_ORDER, ELEMENTAPPNAME, ELEMENTGROUPNAME, DWLCOLUMN_TP_CD, CARDINALITY_TP_CD) 
   VALUES ('ContId', 'CTCPartySegmentBObj', 'TCRM', 'ContId', CURRENT_TIMESTAMP, 20, null,  null, 1010261, 1);
INSERT INTO V_ELEMENT (ELEMENT_NAME, GROUP_NAME, APPLICATION, ATTRIBUTE_NAME, LAST_UPDATE_DT, RESPONSE_ORDER, ELEMENTAPPNAME, ELEMENTGROUPNAME, DWLCOLUMN_TP_CD, CARDINALITY_TP_CD) 
   VALUES ('SegmentProvider', 'CTCPartySegmentBObj', 'TCRM', 'SegmentProvider', CURRENT_TIMESTAMP, 30, null,  null, 1010269, 1);
INSERT INTO V_ELEMENT (ELEMENT_NAME, GROUP_NAME, APPLICATION, ATTRIBUTE_NAME, LAST_UPDATE_DT, RESPONSE_ORDER, ELEMENTAPPNAME, ELEMENTGROUPNAME, DWLCOLUMN_TP_CD, CARDINALITY_TP_CD) 
   VALUES ('BusinessGroupName', 'CTCPartySegmentBObj', 'TCRM', 'BusinessGroupName', CURRENT_TIMESTAMP, 40, null,  null, 1010277, 1);
INSERT INTO V_ELEMENT (ELEMENT_NAME, GROUP_NAME, APPLICATION, ATTRIBUTE_NAME, LAST_UPDATE_DT, RESPONSE_ORDER, ELEMENTAPPNAME, ELEMENTGROUPNAME, DWLCOLUMN_TP_CD, CARDINALITY_TP_CD) 
   VALUES ('SegmentTypeName', 'CTCPartySegmentBObj', 'TCRM', 'SegmentTypeName', CURRENT_TIMESTAMP, 50, null,  null, 1010285, 1);
INSERT INTO V_ELEMENT (ELEMENT_NAME, GROUP_NAME, APPLICATION, ATTRIBUTE_NAME, LAST_UPDATE_DT, RESPONSE_ORDER, ELEMENTAPPNAME, ELEMENTGROUPNAME, DWLCOLUMN_TP_CD, CARDINALITY_TP_CD) 
   VALUES ('SegmentValue', 'CTCPartySegmentBObj', 'TCRM', 'SegmentValue', CURRENT_TIMESTAMP, 60, null,  null, 1010293, 1);
INSERT INTO V_ELEMENT (ELEMENT_NAME, GROUP_NAME, APPLICATION, ATTRIBUTE_NAME, LAST_UPDATE_DT, RESPONSE_ORDER, ELEMENTAPPNAME, ELEMENTGROUPNAME, DWLCOLUMN_TP_CD, CARDINALITY_TP_CD) 
   VALUES ('SegmentCategoryType', 'CTCPartySegmentBObj', 'TCRM', 'SegmentCategoryType', CURRENT_TIMESTAMP, 70, null,  null, 1010301, 1);
INSERT INTO V_ELEMENT (ELEMENT_NAME, GROUP_NAME, APPLICATION, ATTRIBUTE_NAME, LAST_UPDATE_DT, RESPONSE_ORDER, ELEMENTAPPNAME, ELEMENTGROUPNAME, DWLCOLUMN_TP_CD, CARDINALITY_TP_CD) 
   VALUES ('EffectiveStartDt', 'CTCPartySegmentBObj', 'TCRM', 'EffectiveStartDt', CURRENT_TIMESTAMP, 80, null,  null, 1010309, 1);
INSERT INTO V_ELEMENT (ELEMENT_NAME, GROUP_NAME, APPLICATION, ATTRIBUTE_NAME, LAST_UPDATE_DT, RESPONSE_ORDER, ELEMENTAPPNAME, ELEMENTGROUPNAME, DWLCOLUMN_TP_CD, CARDINALITY_TP_CD) 
   VALUES ('EffectiveEndDt', 'CTCPartySegmentBObj', 'TCRM', 'EffectiveEndDt', CURRENT_TIMESTAMP, 90, null,  null, 1010361, 1);
INSERT INTO V_ELEMENT (ELEMENT_NAME, GROUP_NAME, APPLICATION, ATTRIBUTE_NAME, LAST_UPDATE_DT, RESPONSE_ORDER, ELEMENTAPPNAME, ELEMENTGROUPNAME, DWLCOLUMN_TP_CD, CARDINALITY_TP_CD) 
   VALUES ('CTCPartySegmentLastUpdateDate', 'CTCPartySegmentBObj', 'TCRM', 'CTCPartySegmentLastUpdateDate', CURRENT_TIMESTAMP, 100, null,  null, 1010174, 1);
INSERT INTO V_ELEMENT (ELEMENT_NAME, GROUP_NAME, APPLICATION, ATTRIBUTE_NAME, LAST_UPDATE_DT, RESPONSE_ORDER, ELEMENTAPPNAME, ELEMENTGROUPNAME, DWLCOLUMN_TP_CD, CARDINALITY_TP_CD) 
   VALUES ('CTCPartySegmentLastUpdateTxId', 'CTCPartySegmentBObj', 'TCRM', 'CTCPartySegmentLastUpdateTxId', CURRENT_TIMESTAMP, 110, null,  null, 1010184, 1);
INSERT INTO V_ELEMENT (ELEMENT_NAME, GROUP_NAME, APPLICATION, ATTRIBUTE_NAME, LAST_UPDATE_DT, RESPONSE_ORDER, ELEMENTAPPNAME, ELEMENTGROUPNAME, DWLCOLUMN_TP_CD, CARDINALITY_TP_CD) 
   VALUES ('CTCPartySegmentLastUpdateUser', 'CTCPartySegmentBObj', 'TCRM', 'CTCPartySegmentLastUpdateUser', CURRENT_TIMESTAMP, 120, null,  null, 1010176, 1);
INSERT INTO V_ELEMENT (ELEMENT_NAME, GROUP_NAME, APPLICATION, ATTRIBUTE_NAME, LAST_UPDATE_DT, RESPONSE_ORDER, ELEMENTAPPNAME, ELEMENTGROUPNAME, DWLCOLUMN_TP_CD, CARDINALITY_TP_CD) 
   VALUES ('CTCPartySegmentHistActionCode', 'CTCPartySegmentBObj', 'TCRM', 'CTCPartySegmentHistActionCode', CURRENT_TIMESTAMP, 130, null,  null, 1010182, 1);
INSERT INTO V_ELEMENT (ELEMENT_NAME, GROUP_NAME, APPLICATION, ATTRIBUTE_NAME, LAST_UPDATE_DT, RESPONSE_ORDER, ELEMENTAPPNAME, ELEMENTGROUPNAME, DWLCOLUMN_TP_CD, CARDINALITY_TP_CD) 
   VALUES ('CTCPartySegmentHistCreateDate', 'CTCPartySegmentBObj', 'TCRM', 'CTCPartySegmentHistCreateDate', CURRENT_TIMESTAMP, 140, null,  null, 1010177, 1);
INSERT INTO V_ELEMENT (ELEMENT_NAME, GROUP_NAME, APPLICATION, ATTRIBUTE_NAME, LAST_UPDATE_DT, RESPONSE_ORDER, ELEMENTAPPNAME, ELEMENTGROUPNAME, DWLCOLUMN_TP_CD, CARDINALITY_TP_CD) 
   VALUES ('CTCPartySegmentHistCreatedBy', 'CTCPartySegmentBObj', 'TCRM', 'CTCPartySegmentHistCreatedBy', CURRENT_TIMESTAMP, 150, null,  null, 1010175, 1);
INSERT INTO V_ELEMENT (ELEMENT_NAME, GROUP_NAME, APPLICATION, ATTRIBUTE_NAME, LAST_UPDATE_DT, RESPONSE_ORDER, ELEMENTAPPNAME, ELEMENTGROUPNAME, DWLCOLUMN_TP_CD, CARDINALITY_TP_CD) 
   VALUES ('CTCPartySegmentHistEndDate', 'CTCPartySegmentBObj', 'TCRM', 'CTCPartySegmentHistEndDate', CURRENT_TIMESTAMP, 160, null,  null, 1010181, 1);
INSERT INTO V_ELEMENT (ELEMENT_NAME, GROUP_NAME, APPLICATION, ATTRIBUTE_NAME, LAST_UPDATE_DT, RESPONSE_ORDER, ELEMENTAPPNAME, ELEMENTGROUPNAME, DWLCOLUMN_TP_CD, CARDINALITY_TP_CD) 
   VALUES ('CTCPartySegmentHistoryIdPK', 'CTCPartySegmentBObj', 'TCRM', 'CTCPartySegmentHistoryIdPK', CURRENT_TIMESTAMP, 170, null,  null, 1010179, 1);

DROP SEQUENCE MDM114.GROUPDWLTABLE_ID_SEQ;
--@Shanu

Insert into V_ELEMENT (ELEMENT_NAME,APPLICATION,GROUP_NAME,ATTRIBUTE_NAME,COLUMN_NAME,FIELD_NAME,XML_TAG_NAME,EXPIRY_DT,LAST_UPDATE_DT,RESPONSE_ORDER,ELEMENTAPPNAME,ELEMENTGROUPNAME,DWLCOLUMN_TP_CD,CARDINALITY_TP_CD) values ('ObjectReferenceId','TCRM','CTCContractRolePrivPrefBObj','ObjectReferenceId',null,null,null,null,CURRENT_TIMESTAMP,null,'TCRM',null,null,null);
Insert into V_ELEMENT (ELEMENT_NAME,APPLICATION,GROUP_NAME,ATTRIBUTE_NAME,COLUMN_NAME,FIELD_NAME,XML_TAG_NAME,EXPIRY_DT,LAST_UPDATE_DT,RESPONSE_ORDER,ELEMENTAPPNAME,ELEMENTGROUPNAME,DWLCOLUMN_TP_CD,CARDINALITY_TP_CD) values ('ItemsTCRMEntityInstancePrivPrefBObj','TCRM','CTCContractRolePrivPrefBObj','ItemsTCRMEntityInstancePrivPrefBObj',null,null,null,null,CURRENT_TIMESTAMP,null,'TCRM','EntityInstancePrivPref',null,3);
Insert into V_ELEMENT (ELEMENT_NAME,APPLICATION,GROUP_NAME,ATTRIBUTE_NAME,COLUMN_NAME,FIELD_NAME,XML_TAG_NAME,EXPIRY_DT,LAST_UPDATE_DT,RESPONSE_ORDER,ELEMENTAPPNAME,ELEMENTGROUPNAME,DWLCOLUMN_TP_CD,CARDINALITY_TP_CD) values ('Status','TCRM','CTCContractRolePrivPrefBObj','Status',null,null,null,null,CURRENT_TIMESTAMP,null,'TCRM',null,null,null);
Insert into V_ELEMENT (ELEMENT_NAME,APPLICATION,GROUP_NAME,ATTRIBUTE_NAME,COLUMN_NAME,FIELD_NAME,XML_TAG_NAME,EXPIRY_DT,LAST_UPDATE_DT,RESPONSE_ORDER,ELEMENTAPPNAME,ELEMENTGROUPNAME,DWLCOLUMN_TP_CD,CARDINALITY_TP_CD) values ('ComponentID','TCRM','CTCContractRolePrivPrefBObj','ComponentID',null,null,null,null,CURRENT_TIMESTAMP,null,'TCRM',null,null,null);
Insert into V_ELEMENT (ELEMENT_NAME,APPLICATION,GROUP_NAME,ATTRIBUTE_NAME,COLUMN_NAME,FIELD_NAME,XML_TAG_NAME,EXPIRY_DT,LAST_UPDATE_DT,RESPONSE_ORDER,ELEMENTAPPNAME,ELEMENTGROUPNAME,DWLCOLUMN_TP_CD,CARDINALITY_TP_CD) values ('EntityPrivPrefLastUpdateTxId','TCRM','CTCContractRolePrivPrefBObj','EntityPrivPrefLastUpdateTxId',null,null,null,null,CURRENT_TIMESTAMP,null,'TCRM',null,3118,null);
Insert into V_ELEMENT (ELEMENT_NAME,APPLICATION,GROUP_NAME,ATTRIBUTE_NAME,COLUMN_NAME,FIELD_NAME,XML_TAG_NAME,EXPIRY_DT,LAST_UPDATE_DT,RESPONSE_ORDER,ELEMENTAPPNAME,ELEMENTGROUPNAME,DWLCOLUMN_TP_CD,CARDINALITY_TP_CD) values ('EntityPrivPrefHistEndDate','TCRM','CTCContractRolePrivPrefBObj','EntityPrivPrefHistEndDate',null,null,null,null,CURRENT_TIMESTAMP,null,'TCRM',null,2534,null);
Insert into V_ELEMENT (ELEMENT_NAME,APPLICATION,GROUP_NAME,ATTRIBUTE_NAME,COLUMN_NAME,FIELD_NAME,XML_TAG_NAME,EXPIRY_DT,LAST_UPDATE_DT,RESPONSE_ORDER,ELEMENTAPPNAME,ELEMENTGROUPNAME,DWLCOLUMN_TP_CD,CARDINALITY_TP_CD) values ('EntityPrivPrefHistCreatedBy','TCRM','CTCContractRolePrivPrefBObj','EntityPrivPrefHistCreatedBy',null,null,null,null,CURRENT_TIMESTAMP,null,'TCRM',null,2532,null);
Insert into V_ELEMENT (ELEMENT_NAME,APPLICATION,GROUP_NAME,ATTRIBUTE_NAME,COLUMN_NAME,FIELD_NAME,XML_TAG_NAME,EXPIRY_DT,LAST_UPDATE_DT,RESPONSE_ORDER,ELEMENTAPPNAME,ELEMENTGROUPNAME,DWLCOLUMN_TP_CD,CARDINALITY_TP_CD) values ('EntityPrivPrefHistCreateDate','TCRM','CTCContractRolePrivPrefBObj','EntityPrivPrefHistCreateDate',null,null,null,null,CURRENT_TIMESTAMP,null,'TCRM',null,2533,null);
Insert into V_ELEMENT (ELEMENT_NAME,APPLICATION,GROUP_NAME,ATTRIBUTE_NAME,COLUMN_NAME,FIELD_NAME,XML_TAG_NAME,EXPIRY_DT,LAST_UPDATE_DT,RESPONSE_ORDER,ELEMENTAPPNAME,ELEMENTGROUPNAME,DWLCOLUMN_TP_CD,CARDINALITY_TP_CD) values ('PrivPrefLastUpdateTxId','TCRM','CTCContractRolePrivPrefBObj','PrivPrefLastUpdateTxId',null,null,null,null,CURRENT_TIMESTAMP,null,'TCRM',null,3134,null);
Insert into V_ELEMENT (ELEMENT_NAME,APPLICATION,GROUP_NAME,ATTRIBUTE_NAME,COLUMN_NAME,FIELD_NAME,XML_TAG_NAME,EXPIRY_DT,LAST_UPDATE_DT,RESPONSE_ORDER,ELEMENTAPPNAME,ELEMENTGROUPNAME,DWLCOLUMN_TP_CD,CARDINALITY_TP_CD) values ('PrivPrefHistEndDate','TCRM','CTCContractRolePrivPrefBObj','PrivPrefHistEndDate',null,null,null,null,CURRENT_TIMESTAMP,null,'TCRM',null,2560,null);
Insert into V_ELEMENT (ELEMENT_NAME,APPLICATION,GROUP_NAME,ATTRIBUTE_NAME,COLUMN_NAME,FIELD_NAME,XML_TAG_NAME,EXPIRY_DT,LAST_UPDATE_DT,RESPONSE_ORDER,ELEMENTAPPNAME,ELEMENTGROUPNAME,DWLCOLUMN_TP_CD,CARDINALITY_TP_CD) values ('PrivPrefHistCreatedBy','TCRM','CTCContractRolePrivPrefBObj','PrivPrefHistCreatedBy',null,null,null,null,CURRENT_TIMESTAMP,null,'TCRM',null,2558,null);
Insert into V_ELEMENT (ELEMENT_NAME,APPLICATION,GROUP_NAME,ATTRIBUTE_NAME,COLUMN_NAME,FIELD_NAME,XML_TAG_NAME,EXPIRY_DT,LAST_UPDATE_DT,RESPONSE_ORDER,ELEMENTAPPNAME,ELEMENTGROUPNAME,DWLCOLUMN_TP_CD,CARDINALITY_TP_CD) values ('EntityPrivPrefHistActionCode','TCRM','CTCContractRolePrivPrefBObj','EntityPrivPrefHistActionCode',null,null,null,null,CURRENT_TIMESTAMP,null,'TCRM',null,2531,null);
Insert into V_ELEMENT (ELEMENT_NAME,APPLICATION,GROUP_NAME,ATTRIBUTE_NAME,COLUMN_NAME,FIELD_NAME,XML_TAG_NAME,EXPIRY_DT,LAST_UPDATE_DT,RESPONSE_ORDER,ELEMENTAPPNAME,ELEMENTGROUPNAME,DWLCOLUMN_TP_CD,CARDINALITY_TP_CD) values ('PrivPrefHistCreateDate','TCRM','CTCContractRolePrivPrefBObj','PrivPrefHistCreateDate',null,null,null,null,CURRENT_TIMESTAMP,null,'TCRM',null,2559,null);
Insert into V_ELEMENT (ELEMENT_NAME,APPLICATION,GROUP_NAME,ATTRIBUTE_NAME,COLUMN_NAME,FIELD_NAME,XML_TAG_NAME,EXPIRY_DT,LAST_UPDATE_DT,RESPONSE_ORDER,ELEMENTAPPNAME,ELEMENTGROUPNAME,DWLCOLUMN_TP_CD,CARDINALITY_TP_CD) values ('PrivPrefHistActionCode','TCRM','CTCContractRolePrivPrefBObj','PrivPrefHistActionCode',null,null,null,null,CURRENT_TIMESTAMP,null,'TCRM',null,2557,null);
Insert into V_ELEMENT (ELEMENT_NAME,APPLICATION,GROUP_NAME,ATTRIBUTE_NAME,COLUMN_NAME,FIELD_NAME,XML_TAG_NAME,EXPIRY_DT,LAST_UPDATE_DT,RESPONSE_ORDER,ELEMENTAPPNAME,ELEMENTGROUPNAME,DWLCOLUMN_TP_CD,CARDINALITY_TP_CD) values ('PrivPrefIdPK','TCRM','CTCContractRolePrivPrefBObj','PrivPrefIdPK',null,null,null,null,CURRENT_TIMESTAMP,null,'TCRM',null,3137,null);
Insert into V_ELEMENT (ELEMENT_NAME,APPLICATION,GROUP_NAME,ATTRIBUTE_NAME,COLUMN_NAME,FIELD_NAME,XML_TAG_NAME,EXPIRY_DT,LAST_UPDATE_DT,RESPONSE_ORDER,ELEMENTAPPNAME,ELEMENTGROUPNAME,DWLCOLUMN_TP_CD,CARDINALITY_TP_CD) values ('PrivPrefInstancePK','TCRM','CTCContractRolePrivPrefBObj','PrivPrefInstancePK',null,null,null,null,CURRENT_TIMESTAMP,null,'TCRM',null,3122,null);
Insert into V_ELEMENT (ELEMENT_NAME,APPLICATION,GROUP_NAME,ATTRIBUTE_NAME,COLUMN_NAME,FIELD_NAME,XML_TAG_NAME,EXPIRY_DT,LAST_UPDATE_DT,RESPONSE_ORDER,ELEMENTAPPNAME,ELEMENTGROUPNAME,DWLCOLUMN_TP_CD,CARDINALITY_TP_CD) values ('PrivPrefEntity','TCRM','CTCContractRolePrivPrefBObj','PrivPrefEntity',null,null,null,null,CURRENT_TIMESTAMP,null,'TCRM',null,3120,null);
Insert into V_ELEMENT (ELEMENT_NAME,APPLICATION,GROUP_NAME,ATTRIBUTE_NAME,COLUMN_NAME,FIELD_NAME,XML_TAG_NAME,EXPIRY_DT,LAST_UPDATE_DT,RESPONSE_ORDER,ELEMENTAPPNAME,ELEMENTGROUPNAME,DWLCOLUMN_TP_CD,CARDINALITY_TP_CD) values ('PrivPrefLastUpdateDate','TCRM','CTCContractRolePrivPrefBObj','PrivPrefLastUpdateDate',null,null,null,null,CURRENT_TIMESTAMP,null,'TCRM',null,3133,null);
Insert into V_ELEMENT (ELEMENT_NAME,APPLICATION,GROUP_NAME,ATTRIBUTE_NAME,COLUMN_NAME,FIELD_NAME,XML_TAG_NAME,EXPIRY_DT,LAST_UPDATE_DT,RESPONSE_ORDER,ELEMENTAPPNAME,ELEMENTGROUPNAME,DWLCOLUMN_TP_CD,CARDINALITY_TP_CD) values ('PrivPrefLastUpdateUser','TCRM','CTCContractRolePrivPrefBObj','PrivPrefLastUpdateUser',null,null,null,null,CURRENT_TIMESTAMP,null,'TCRM',null,3135,null);
Insert into V_ELEMENT (ELEMENT_NAME,APPLICATION,GROUP_NAME,ATTRIBUTE_NAME,COLUMN_NAME,FIELD_NAME,XML_TAG_NAME,EXPIRY_DT,LAST_UPDATE_DT,RESPONSE_ORDER,ELEMENTAPPNAME,ELEMENTGROUPNAME,DWLCOLUMN_TP_CD,CARDINALITY_TP_CD) values ('ValueString','TCRM','CTCContractRolePrivPrefBObj','ValueString',null,null,null,null,CURRENT_TIMESTAMP,null,'TCRM',null,3140,null);
Insert into V_ELEMENT (ELEMENT_NAME,APPLICATION,GROUP_NAME,ATTRIBUTE_NAME,COLUMN_NAME,FIELD_NAME,XML_TAG_NAME,EXPIRY_DT,LAST_UPDATE_DT,RESPONSE_ORDER,ELEMENTAPPNAME,ELEMENTGROUPNAME,DWLCOLUMN_TP_CD,CARDINALITY_TP_CD) values ('StartDate','TCRM','CTCContractRolePrivPrefBObj','StartDate',null,null,null,null,CURRENT_TIMESTAMP,null,'TCRM',null,3139,null);
Insert into V_ELEMENT (ELEMENT_NAME,APPLICATION,GROUP_NAME,ATTRIBUTE_NAME,COLUMN_NAME,FIELD_NAME,XML_TAG_NAME,EXPIRY_DT,LAST_UPDATE_DT,RESPONSE_ORDER,ELEMENTAPPNAME,ELEMENTGROUPNAME,DWLCOLUMN_TP_CD,CARDINALITY_TP_CD) values ('EndDate','TCRM','CTCContractRolePrivPrefBObj','EndDate',null,null,null,null,CURRENT_TIMESTAMP,null,'TCRM',null,3132,null);
Insert into V_ELEMENT (ELEMENT_NAME,APPLICATION,GROUP_NAME,ATTRIBUTE_NAME,COLUMN_NAME,FIELD_NAME,XML_TAG_NAME,EXPIRY_DT,LAST_UPDATE_DT,RESPONSE_ORDER,ELEMENTAPPNAME,ELEMENTGROUPNAME,DWLCOLUMN_TP_CD,CARDINALITY_TP_CD) values ('PrivPrefActOptId','TCRM','CTCContractRolePrivPrefBObj','PrivPrefActOptId',null,null,null,null,CURRENT_TIMESTAMP,null,'TCRM',null,3136,null);
Insert into V_ELEMENT (ELEMENT_NAME,APPLICATION,GROUP_NAME,ATTRIBUTE_NAME,COLUMN_NAME,FIELD_NAME,XML_TAG_NAME,EXPIRY_DT,LAST_UPDATE_DT,RESPONSE_ORDER,ELEMENTAPPNAME,ELEMENTGROUPNAME,DWLCOLUMN_TP_CD,CARDINALITY_TP_CD) values ('EntityPrivPrefLastUpdateDate','TCRM','CTCContractRolePrivPrefBObj','EntityPrivPrefLastUpdateDate',null,null,null,null,CURRENT_TIMESTAMP,null,'TCRM',null,3117,null);
Insert into V_ELEMENT (ELEMENT_NAME,APPLICATION,GROUP_NAME,ATTRIBUTE_NAME,COLUMN_NAME,FIELD_NAME,XML_TAG_NAME,EXPIRY_DT,LAST_UPDATE_DT,RESPONSE_ORDER,ELEMENTAPPNAME,ELEMENTGROUPNAME,DWLCOLUMN_TP_CD,CARDINALITY_TP_CD) values ('EntityPrivPrefLastUpdateUser','TCRM','CTCContractRolePrivPrefBObj','EntityPrivPrefLastUpdateUser',null,null,null,null,CURRENT_TIMESTAMP,null,'TCRM',null,3119,null);
Insert into V_ELEMENT (ELEMENT_NAME,APPLICATION,GROUP_NAME,ATTRIBUTE_NAME,COLUMN_NAME,FIELD_NAME,XML_TAG_NAME,EXPIRY_DT,LAST_UPDATE_DT,RESPONSE_ORDER,ELEMENTAPPNAME,ELEMENTGROUPNAME,DWLCOLUMN_TP_CD,CARDINALITY_TP_CD) values ('PrivPrefActionType','TCRM','CTCContractRolePrivPrefBObj','PrivPrefActionType',null,null,null,null,CURRENT_TIMESTAMP,null,'TCRM',null,null,null);
Insert into V_ELEMENT (ELEMENT_NAME,APPLICATION,GROUP_NAME,ATTRIBUTE_NAME,COLUMN_NAME,FIELD_NAME,XML_TAG_NAME,EXPIRY_DT,LAST_UPDATE_DT,RESPONSE_ORDER,ELEMENTAPPNAME,ELEMENTGROUPNAME,DWLCOLUMN_TP_CD,CARDINALITY_TP_CD) values ('PrivPrefCatType','TCRM','CTCContractRolePrivPrefBObj','PrivPrefCatType',null,null,null,null,CURRENT_TIMESTAMP,null,'TCRM',null,null,null);
Insert into V_ELEMENT (ELEMENT_NAME,APPLICATION,GROUP_NAME,ATTRIBUTE_NAME,COLUMN_NAME,FIELD_NAME,XML_TAG_NAME,EXPIRY_DT,LAST_UPDATE_DT,RESPONSE_ORDER,ELEMENTAPPNAME,ELEMENTGROUPNAME,DWLCOLUMN_TP_CD,CARDINALITY_TP_CD) values ('ContractRoleId','TCRM','CTCContractRolePrivPrefBObj','ContractRoleId',null,null,null,null,CURRENT_TIMESTAMP,null,'TCRM',null,3122,null);
Insert into V_ELEMENT (ELEMENT_NAME,APPLICATION,GROUP_NAME,ATTRIBUTE_NAME,COLUMN_NAME,FIELD_NAME,XML_TAG_NAME,EXPIRY_DT,LAST_UPDATE_DT,RESPONSE_ORDER,ELEMENTAPPNAME,ELEMENTGROUPNAME,DWLCOLUMN_TP_CD,CARDINALITY_TP_CD) values ('PrivPrefHistoryIdPK','TCRM','CTCContractRolePrivPrefBObj','PrivPrefHistoryIdPK',null,null,null,null,CURRENT_TIMESTAMP,null,'TCRM',null,2566,null);
Insert into V_ELEMENT (ELEMENT_NAME,APPLICATION,GROUP_NAME,ATTRIBUTE_NAME,COLUMN_NAME,FIELD_NAME,XML_TAG_NAME,EXPIRY_DT,LAST_UPDATE_DT,RESPONSE_ORDER,ELEMENTAPPNAME,ELEMENTGROUPNAME,DWLCOLUMN_TP_CD,CARDINALITY_TP_CD) values ('EntityPrivPrefHistoryIdPK','TCRM','CTCContractRolePrivPrefBObj','EntityPrivPrefHistoryIdPK',null,null,null,null,CURRENT_TIMESTAMP,null,'TCRM',null,2540,null);
Insert into V_ELEMENT (ELEMENT_NAME,APPLICATION,GROUP_NAME,ATTRIBUTE_NAME,COLUMN_NAME,FIELD_NAME,XML_TAG_NAME,EXPIRY_DT,LAST_UPDATE_DT,RESPONSE_ORDER,ELEMENTAPPNAME,ELEMENTGROUPNAME,DWLCOLUMN_TP_CD,CARDINALITY_TP_CD) values ('ContractRolePrivPrefIdPK','TCRM','CTCContractRolePrivPrefBObj','ContractRolePrivPrefIdPK',null,null,null,null,CURRENT_TIMESTAMP,null,'TCRM',null,3137,null);
Insert into V_ELEMENT (ELEMENT_NAME,APPLICATION,GROUP_NAME,ATTRIBUTE_NAME,COLUMN_NAME,FIELD_NAME,XML_TAG_NAME,EXPIRY_DT,LAST_UPDATE_DT,RESPONSE_ORDER,ELEMENTAPPNAME,ELEMENTGROUPNAME,DWLCOLUMN_TP_CD,CARDINALITY_TP_CD) values ('PrivPrefReasonValue','TCRM','CTCContractRolePrivPrefBObj','PrivPrefReasonValue',null,null,null,null,CURRENT_TIMESTAMP,null,'TCRM',null,null,null);
Insert into V_ELEMENT (ELEMENT_NAME,APPLICATION,GROUP_NAME,ATTRIBUTE_NAME,COLUMN_NAME,FIELD_NAME,XML_TAG_NAME,EXPIRY_DT,LAST_UPDATE_DT,RESPONSE_ORDER,ELEMENTAPPNAME,ELEMENTGROUPNAME,DWLCOLUMN_TP_CD,CARDINALITY_TP_CD) values ('SourceIdentValue','TCRM','CTCContractRolePrivPrefBObj','SourceIdentValue',null,null,null,null,CURRENT_TIMESTAMP,null,'TCRM',null,null,null);
Insert into V_ELEMENT (ELEMENT_NAME,APPLICATION,GROUP_NAME,ATTRIBUTE_NAME,COLUMN_NAME,FIELD_NAME,XML_TAG_NAME,EXPIRY_DT,LAST_UPDATE_DT,RESPONSE_ORDER,ELEMENTAPPNAME,ELEMENTGROUPNAME,DWLCOLUMN_TP_CD,CARDINALITY_TP_CD) values ('PrivPrefValue','TCRM','CTCContractRolePrivPrefBObj','PrivPrefValue',null,null,null,null,CURRENT_TIMESTAMP,null,'TCRM',null,null,null);
Insert into V_ELEMENT (ELEMENT_NAME,APPLICATION,GROUP_NAME,ATTRIBUTE_NAME,COLUMN_NAME,FIELD_NAME,XML_TAG_NAME,EXPIRY_DT,LAST_UPDATE_DT,RESPONSE_ORDER,ELEMENTAPPNAME,ELEMENTGROUPNAME,DWLCOLUMN_TP_CD,CARDINALITY_TP_CD) values ('PrivPrefCatValue','TCRM','CTCContractRolePrivPrefBObj','PrivPrefCatValue',null,null,null,null,CURRENT_TIMESTAMP,null,'TCRM',null,null,null);
Insert into V_ELEMENT (ELEMENT_NAME,APPLICATION,GROUP_NAME,ATTRIBUTE_NAME,COLUMN_NAME,FIELD_NAME,XML_TAG_NAME,EXPIRY_DT,LAST_UPDATE_DT,RESPONSE_ORDER,ELEMENTAPPNAME,ELEMENTGROUPNAME,DWLCOLUMN_TP_CD,CARDINALITY_TP_CD) values ('PrivPrefActionValue','TCRM','CTCContractRolePrivPrefBObj','PrivPrefActionValue',null,null,null,null,CURRENT_TIMESTAMP,null,'TCRM',null,null,null);
Insert into V_ELEMENT (ELEMENT_NAME,APPLICATION,GROUP_NAME,ATTRIBUTE_NAME,COLUMN_NAME,FIELD_NAME,XML_TAG_NAME,EXPIRY_DT,LAST_UPDATE_DT,RESPONSE_ORDER,ELEMENTAPPNAME,ELEMENTGROUPNAME,DWLCOLUMN_TP_CD,CARDINALITY_TP_CD) values ('SourceIdentType','TCRM','CTCContractRolePrivPrefBObj','SourceIdentType',null,null,null,null,CURRENT_TIMESTAMP,null,'TCRM','SourceIdentificationTypeBObj',3124,null);
Insert into V_ELEMENT (ELEMENT_NAME,APPLICATION,GROUP_NAME,ATTRIBUTE_NAME,COLUMN_NAME,FIELD_NAME,XML_TAG_NAME,EXPIRY_DT,LAST_UPDATE_DT,RESPONSE_ORDER,ELEMENTAPPNAME,ELEMENTGROUPNAME,DWLCOLUMN_TP_CD,CARDINALITY_TP_CD) values ('PrivPrefType','TCRM','CTCContractRolePrivPrefBObj','PrivPrefType',null,null,null,null,CURRENT_TIMESTAMP,null,'TCRM','PrivacyPreferenceTypeBObj',3138,null);
Insert into V_ELEMENT (ELEMENT_NAME,APPLICATION,GROUP_NAME,ATTRIBUTE_NAME,COLUMN_NAME,FIELD_NAME,XML_TAG_NAME,EXPIRY_DT,LAST_UPDATE_DT,RESPONSE_ORDER,ELEMENTAPPNAME,ELEMENTGROUPNAME,DWLCOLUMN_TP_CD,CARDINALITY_TP_CD) values ('PrivPrefReasonType','TCRM','CTCContractRolePrivPrefBObj','PrivPrefReasonType',null,null,null,null,CURRENT_TIMESTAMP,null,'TCRM','PrivacyPreferenceReasonTypeBObj',3123,null);




----------------------------------------------
-- V_ELEMENTATTRIBUTE
----------------------------------------------


CREATE SEQUENCE V_ELATTR_ID_SEQ START WITH 1010000 INCREMENT BY 1 MINVALUE 1010000 MAXVALUE 1019999 CACHE 10;

INSERT INTO V_ELEMENTATTRIBUTE (V_ELEMENT_ATTRB_ID, ATTRIBUTE_TP_CD, APPLICATION, GROUP_NAME, ELEMENT_NAME, LAST_UPDATE_DT) 
   VALUES (V_ELATTR_ID_SEQ.nextval, 101, 'TCRM', 'CTCDataSourceBObj', 'CTCDataSourceLastUpdateDate', CURRENT_TIMESTAMP);
INSERT INTO V_ELEMENTATTRIBUTE (V_ELEMENT_ATTRB_ID, ATTRIBUTE_TP_CD, APPLICATION, GROUP_NAME, ELEMENT_NAME, LAST_UPDATE_DT) 
   VALUES (V_ELATTR_ID_SEQ.nextval, 101, 'TCRM', 'CTCDataSourceBObj', 'CTCDataSourceHistCreateDate', CURRENT_TIMESTAMP);
INSERT INTO V_ELEMENTATTRIBUTE (V_ELEMENT_ATTRB_ID, ATTRIBUTE_TP_CD, APPLICATION, GROUP_NAME, ELEMENT_NAME, LAST_UPDATE_DT) 
   VALUES (V_ELATTR_ID_SEQ.nextval, 101, 'TCRM', 'CTCDataSourceBObj', 'CTCDataSourceHistEndDate', CURRENT_TIMESTAMP);
INSERT INTO V_ELEMENTATTRIBUTE (V_ELEMENT_ATTRB_ID, ATTRIBUTE_TP_CD, APPLICATION, GROUP_NAME, ELEMENT_NAME, LAST_UPDATE_DT) 
   VALUES (V_ELATTR_ID_SEQ.nextval, 4, 'TCRM', 'CTCDataSourceBObj', 'DataSourceID', CURRENT_TIMESTAMP);
INSERT INTO V_ELEMENTATTRIBUTE (V_ELEMENT_ATTRB_ID, ATTRIBUTE_TP_CD, APPLICATION, GROUP_NAME, ELEMENT_NAME, LAST_UPDATE_DT) 
   VALUES (V_ELATTR_ID_SEQ.nextval, 100, 'TCRM', 'CTCDataSourceBObj', 'StartDate', CURRENT_TIMESTAMP);
INSERT INTO V_ELEMENTATTRIBUTE (V_ELEMENT_ATTRB_ID, ATTRIBUTE_TP_CD, APPLICATION, GROUP_NAME, ELEMENT_NAME, LAST_UPDATE_DT) 
   VALUES (V_ELATTR_ID_SEQ.nextval, 100, 'TCRM', 'CTCDataSourceBObj', 'EndDate', CURRENT_TIMESTAMP);
INSERT INTO V_ELEMENTATTRIBUTE (V_ELEMENT_ATTRB_ID, ATTRIBUTE_TP_CD, APPLICATION, GROUP_NAME, ELEMENT_NAME, LAST_UPDATE_DT) 
   VALUES (V_ELATTR_ID_SEQ.nextval, 5, 'TCRM', 'CTCDataSourceBObj', 'AdminSystemType', CURRENT_TIMESTAMP);
INSERT INTO V_ELEMENTATTRIBUTE (V_ELEMENT_ATTRB_ID, ATTRIBUTE_TP_CD, APPLICATION, GROUP_NAME, ELEMENT_NAME, LAST_UPDATE_DT) 
   VALUES (V_ELATTR_ID_SEQ.nextval, 101, 'TCRM', 'CTCPartySegmentBObj', 'CTCPartySegmentLastUpdateDate', CURRENT_TIMESTAMP);
INSERT INTO V_ELEMENTATTRIBUTE (V_ELEMENT_ATTRB_ID, ATTRIBUTE_TP_CD, APPLICATION, GROUP_NAME, ELEMENT_NAME, LAST_UPDATE_DT) 
   VALUES (V_ELATTR_ID_SEQ.nextval, 101, 'TCRM', 'CTCPartySegmentBObj', 'CTCPartySegmentHistCreateDate', CURRENT_TIMESTAMP);
INSERT INTO V_ELEMENTATTRIBUTE (V_ELEMENT_ATTRB_ID, ATTRIBUTE_TP_CD, APPLICATION, GROUP_NAME, ELEMENT_NAME, LAST_UPDATE_DT) 
   VALUES (V_ELATTR_ID_SEQ.nextval, 101, 'TCRM', 'CTCPartySegmentBObj', 'CTCPartySegmentHistEndDate', CURRENT_TIMESTAMP);
INSERT INTO V_ELEMENTATTRIBUTE (V_ELEMENT_ATTRB_ID, ATTRIBUTE_TP_CD, APPLICATION, GROUP_NAME, ELEMENT_NAME, LAST_UPDATE_DT) 
   VALUES (V_ELATTR_ID_SEQ.nextval, 4, 'TCRM', 'CTCPartySegmentBObj', 'PartySegmentId', CURRENT_TIMESTAMP);
INSERT INTO V_ELEMENTATTRIBUTE (V_ELEMENT_ATTRB_ID, ATTRIBUTE_TP_CD, APPLICATION, GROUP_NAME, ELEMENT_NAME, LAST_UPDATE_DT) 
   VALUES (V_ELATTR_ID_SEQ.nextval, 100, 'TCRM', 'CTCPartySegmentBObj', 'EffectiveStartDt', CURRENT_TIMESTAMP);
INSERT INTO V_ELEMENTATTRIBUTE (V_ELEMENT_ATTRB_ID, ATTRIBUTE_TP_CD, APPLICATION, GROUP_NAME, ELEMENT_NAME, LAST_UPDATE_DT) 
   VALUES (V_ELATTR_ID_SEQ.nextval, 100, 'TCRM', 'CTCPartySegmentBObj', 'EffectiveEndDt', CURRENT_TIMESTAMP);
   
-- added by swamy
Insert into V_ELEMENTATTRIBUTE (V_ELEMENT_ATTRB_ID,ATTRIBUTE_TP_CD,APPLICATION,GROUP_NAME,ELEMENT_NAME,EXPIRY_DT,LAST_UPDATE_DT) values (V_ELATTR_ID_SEQ.nextval,1,'TCRM','CTCContractRolePrivPrefBObj','PrivPrefEntity',null,CURRENT_TIMESTAMP);
Insert into V_ELEMENTATTRIBUTE (V_ELEMENT_ATTRB_ID,ATTRIBUTE_TP_CD,APPLICATION,GROUP_NAME,ELEMENT_NAME,EXPIRY_DT,LAST_UPDATE_DT) values (V_ELATTR_ID_SEQ.nextval,1,'TCRM','CTCContractRolePrivPrefBObj','PrivPrefInstancePK',null,CURRENT_TIMESTAMP);
Insert into V_ELEMENTATTRIBUTE (V_ELEMENT_ATTRB_ID,ATTRIBUTE_TP_CD,APPLICATION,GROUP_NAME,ELEMENT_NAME,EXPIRY_DT,LAST_UPDATE_DT) values (V_ELATTR_ID_SEQ.nextval,1,'TCRM','CTCContractRolePrivPrefBObj','PrivPrefType',null,CURRENT_TIMESTAMP);
Insert into V_ELEMENTATTRIBUTE (V_ELEMENT_ATTRB_ID,ATTRIBUTE_TP_CD,APPLICATION,GROUP_NAME,ELEMENT_NAME,EXPIRY_DT,LAST_UPDATE_DT) values (V_ELATTR_ID_SEQ.nextval,102,'TCRM','CTCContractRolePrivPrefBObj','ItemsTCRMEntityInstancePrivPrefBObj',null,CURRENT_TIMESTAMP);
Insert into V_ELEMENTATTRIBUTE (V_ELEMENT_ATTRB_ID,ATTRIBUTE_TP_CD,APPLICATION,GROUP_NAME,ELEMENT_NAME,EXPIRY_DT,LAST_UPDATE_DT) values (V_ELATTR_ID_SEQ.nextval,101,'TCRM','CTCContractRolePrivPrefBObj','EntityPrivPrefHistCreateDate',null,CURRENT_TIMESTAMP);
Insert into V_ELEMENTATTRIBUTE (V_ELEMENT_ATTRB_ID,ATTRIBUTE_TP_CD,APPLICATION,GROUP_NAME,ELEMENT_NAME,EXPIRY_DT,LAST_UPDATE_DT) values (V_ELATTR_ID_SEQ.nextval,101,'TCRM','CTCContractRolePrivPrefBObj','EntityPrivPrefHistEndDate',null,CURRENT_TIMESTAMP);
Insert into V_ELEMENTATTRIBUTE (V_ELEMENT_ATTRB_ID,ATTRIBUTE_TP_CD,APPLICATION,GROUP_NAME,ELEMENT_NAME,EXPIRY_DT,LAST_UPDATE_DT) values (V_ELATTR_ID_SEQ.nextval,101,'TCRM','CTCContractRolePrivPrefBObj','EntityPrivPrefLastUpdateDate',null,CURRENT_TIMESTAMP);
Insert into V_ELEMENTATTRIBUTE (V_ELEMENT_ATTRB_ID,ATTRIBUTE_TP_CD,APPLICATION,GROUP_NAME,ELEMENT_NAME,EXPIRY_DT,LAST_UPDATE_DT) values (V_ELATTR_ID_SEQ.nextval,101,'TCRM','CTCContractRolePrivPrefBObj','StartDate',null,CURRENT_TIMESTAMP);
Insert into V_ELEMENTATTRIBUTE (V_ELEMENT_ATTRB_ID,ATTRIBUTE_TP_CD,APPLICATION,GROUP_NAME,ELEMENT_NAME,EXPIRY_DT,LAST_UPDATE_DT) values (V_ELATTR_ID_SEQ.nextval,101,'TCRM','CTCContractRolePrivPrefBObj','EndDate',null,CURRENT_TIMESTAMP);
Insert into V_ELEMENTATTRIBUTE (V_ELEMENT_ATTRB_ID,ATTRIBUTE_TP_CD,APPLICATION,GROUP_NAME,ELEMENT_NAME,EXPIRY_DT,LAST_UPDATE_DT) values (V_ELATTR_ID_SEQ.nextval,101,'TCRM','CTCContractRolePrivPrefBObj','PrivPrefHistCreateDate',null,CURRENT_TIMESTAMP);
Insert into V_ELEMENTATTRIBUTE (V_ELEMENT_ATTRB_ID,ATTRIBUTE_TP_CD,APPLICATION,GROUP_NAME,ELEMENT_NAME,EXPIRY_DT,LAST_UPDATE_DT) values (V_ELATTR_ID_SEQ.nextval,101,'TCRM','CTCContractRolePrivPrefBObj','PrivPrefHistEndDate',null,CURRENT_TIMESTAMP);
Insert into V_ELEMENTATTRIBUTE (V_ELEMENT_ATTRB_ID,ATTRIBUTE_TP_CD,APPLICATION,GROUP_NAME,ELEMENT_NAME,EXPIRY_DT,LAST_UPDATE_DT) values (V_ELATTR_ID_SEQ.nextval,101,'TCRM','CTCContractRolePrivPrefBObj','PrivPrefLastUpdateDate',null,CURRENT_TIMESTAMP);
Insert into V_ELEMENTATTRIBUTE (V_ELEMENT_ATTRB_ID,ATTRIBUTE_TP_CD,APPLICATION,GROUP_NAME,ELEMENT_NAME,EXPIRY_DT,LAST_UPDATE_DT) values (V_ELATTR_ID_SEQ.nextval,4,'TCRM','CTCContractRolePrivPrefBObj','ContractRolePrivPrefIdPK',null,CURRENT_TIMESTAMP);
   
DROP SEQUENCE V_ELATTR_ID_SEQ;

----------------------------------------------
-- Transactions
----------------------------------------------


----------------------------------------------
-- CDBUSINESSTXTP
----------------------------------------------


INSERT INTO CDBUSINESSTXTP (BUSINESS_TX_TP_CD, NAME, DESCRIPTION, EXPIRY_DT, LAST_UPDATE_DT, TX_LOG_IND, TX_OBJECT_TP, DEPRECATED_SINCE, DWL_PROD_TP_CD, PARENT_BUSINESS_TX_TP_CD) 
   VALUES (1010047, 'getCTCDataSource', null, null, CURRENT_TIMESTAMP, 'N', 'I', null, 1, null);

INSERT INTO EXTERNALTXNKEY (EXTERN_TX_KEY_ID, BUSINESS_TX_TP_CD, APPLICATION, GROUP_NAME, ELEMENT_NAME, LAST_UPDATE_USER, LAST_UPDATE_DT)
   VALUES (1010048, 1010047, 'TCRM', 'CTCDataSourceBObj', 'DataSourceID', null, CURRENT_TIMESTAMP);


INSERT INTO CDBUSINESSTXTP (BUSINESS_TX_TP_CD, NAME, DESCRIPTION, EXPIRY_DT, LAST_UPDATE_DT, TX_LOG_IND, TX_OBJECT_TP, DEPRECATED_SINCE, DWL_PROD_TP_CD, PARENT_BUSINESS_TX_TP_CD) 
   VALUES (1010074, 'addCTCDataSource', null, null, CURRENT_TIMESTAMP, 'N', 'P', null, 1, null);

INSERT INTO EXTERNALTXNKEY (EXTERN_TX_KEY_ID, BUSINESS_TX_TP_CD, APPLICATION, GROUP_NAME, ELEMENT_NAME, LAST_UPDATE_USER, LAST_UPDATE_DT)
   VALUES (1010075, 1010074, 'TCRM', 'CTCDataSourceBObj', 'DataSourceID', null, CURRENT_TIMESTAMP);


INSERT INTO CDBUSINESSTXTP (BUSINESS_TX_TP_CD, NAME, DESCRIPTION, EXPIRY_DT, LAST_UPDATE_DT, TX_LOG_IND, TX_OBJECT_TP, DEPRECATED_SINCE, DWL_PROD_TP_CD, PARENT_BUSINESS_TX_TP_CD) 
   VALUES (1010091, 'updateCTCDataSource', null, null, CURRENT_TIMESTAMP, 'N', 'P', null, 1, null);

INSERT INTO EXTERNALTXNKEY (EXTERN_TX_KEY_ID, BUSINESS_TX_TP_CD, APPLICATION, GROUP_NAME, ELEMENT_NAME, LAST_UPDATE_USER, LAST_UPDATE_DT)
   VALUES (1010092, 1010091, 'TCRM', 'CTCDataSourceBObj', 'DataSourceID', null, CURRENT_TIMESTAMP);


INSERT INTO CDBUSINESSTXTP (BUSINESS_TX_TP_CD, NAME, DESCRIPTION, EXPIRY_DT, LAST_UPDATE_DT, TX_LOG_IND, TX_OBJECT_TP, DEPRECATED_SINCE, DWL_PROD_TP_CD, PARENT_BUSINESS_TX_TP_CD) 
   VALUES (1010198, 'getCTCPartySegment', null, null, CURRENT_TIMESTAMP, 'N', 'I', null, 1, null);

INSERT INTO EXTERNALTXNKEY (EXTERN_TX_KEY_ID, BUSINESS_TX_TP_CD, APPLICATION, GROUP_NAME, ELEMENT_NAME, LAST_UPDATE_USER, LAST_UPDATE_DT)
   VALUES (1010199, 1010198, 'TCRM', 'CTCPartySegmentBObj', 'PartySegmentId', null, CURRENT_TIMESTAMP);


INSERT INTO CDBUSINESSTXTP (BUSINESS_TX_TP_CD, NAME, DESCRIPTION, EXPIRY_DT, LAST_UPDATE_DT, TX_LOG_IND, TX_OBJECT_TP, DEPRECATED_SINCE, DWL_PROD_TP_CD, PARENT_BUSINESS_TX_TP_CD) 
   VALUES (1010225, 'addCTCPartySegment', null, null, CURRENT_TIMESTAMP, 'N', 'P', null, 1, null);

INSERT INTO EXTERNALTXNKEY (EXTERN_TX_KEY_ID, BUSINESS_TX_TP_CD, APPLICATION, GROUP_NAME, ELEMENT_NAME, LAST_UPDATE_USER, LAST_UPDATE_DT)
   VALUES (1010226, 1010225, 'TCRM', 'CTCPartySegmentBObj', 'PartySegmentId', null, CURRENT_TIMESTAMP);


INSERT INTO CDBUSINESSTXTP (BUSINESS_TX_TP_CD, NAME, DESCRIPTION, EXPIRY_DT, LAST_UPDATE_DT, TX_LOG_IND, TX_OBJECT_TP, DEPRECATED_SINCE, DWL_PROD_TP_CD, PARENT_BUSINESS_TX_TP_CD) 
   VALUES (1010242, 'updateCTCPartySegment', null, null, CURRENT_TIMESTAMP, 'N', 'P', null, 1, null);

INSERT INTO EXTERNALTXNKEY (EXTERN_TX_KEY_ID, BUSINESS_TX_TP_CD, APPLICATION, GROUP_NAME, ELEMENT_NAME, LAST_UPDATE_USER, LAST_UPDATE_DT)
   VALUES (1010243, 1010242, 'TCRM', 'CTCPartySegmentBObj', 'PartySegmentId', null, CURRENT_TIMESTAMP);


INSERT INTO CDBUSINESSTXTP (BUSINESS_TX_TP_CD, NAME, DESCRIPTION, EXPIRY_DT, LAST_UPDATE_DT, TX_LOG_IND, TX_OBJECT_TP, DEPRECATED_SINCE, DWL_PROD_TP_CD, PARENT_BUSINESS_TX_TP_CD) 
   VALUES (1010347, 'getAllCTCDataSourcesByEntity', null, null, CURRENT_TIMESTAMP, 'N', 'I', null, 1, null);

INSERT INTO EXTERNALTXNKEY (EXTERN_TX_KEY_ID, BUSINESS_TX_TP_CD, APPLICATION, GROUP_NAME, ELEMENT_NAME, LAST_UPDATE_USER, LAST_UPDATE_DT)
   VALUES (1010348, 1010347, 'TCRM', 'CTCDataSourceBObj', 'DataSourceID', null, CURRENT_TIMESTAMP);


INSERT INTO CDBUSINESSTXTP (BUSINESS_TX_TP_CD, NAME, DESCRIPTION, EXPIRY_DT, LAST_UPDATE_DT, TX_LOG_IND, TX_OBJECT_TP, DEPRECATED_SINCE, DWL_PROD_TP_CD, PARENT_BUSINESS_TX_TP_CD) 
   VALUES (1010363, 'getAllCTCPartySegment', null, null, CURRENT_TIMESTAMP, 'N', 'I', null, 1, null);

INSERT INTO EXTERNALTXNKEY (EXTERN_TX_KEY_ID, BUSINESS_TX_TP_CD, APPLICATION, GROUP_NAME, ELEMENT_NAME, LAST_UPDATE_USER, LAST_UPDATE_DT)
   VALUES (1010364, 1010363, 'TCRM', 'CTCPartySegmentBObj', 'PartySegmentId', null, CURRENT_TIMESTAMP);
   
--@Shanu
INSERT INTO CDBUSINESSTXTP (BUSINESS_TX_TP_CD, NAME, DESCRIPTION, EXPIRY_DT, LAST_UPDATE_DT, TX_LOG_IND, TX_OBJECT_TP, DEPRECATED_SINCE, DWL_PROD_TP_CD, PARENT_BUSINESS_TX_TP_CD) 
   VALUES (1010034, 'getCTCContractRolePrivacyPreference', null, null, CURRENT_TIMESTAMP, 'N', 'I', null, 1, null);

INSERT INTO CDBUSINESSTXTP (BUSINESS_TX_TP_CD, NAME, DESCRIPTION, EXPIRY_DT, LAST_UPDATE_DT, TX_LOG_IND, TX_OBJECT_TP, DEPRECATED_SINCE, DWL_PROD_TP_CD, PARENT_BUSINESS_TX_TP_CD) 
   VALUES (1010036, 'getAllCTCContractRolePrivacyPreferences', null, null, CURRENT_TIMESTAMP, 'N', 'I', null, 1, null);

INSERT INTO CDBUSINESSTXTP (BUSINESS_TX_TP_CD, NAME, DESCRIPTION, EXPIRY_DT, LAST_UPDATE_DT, TX_LOG_IND, TX_OBJECT_TP, DEPRECATED_SINCE, DWL_PROD_TP_CD, PARENT_BUSINESS_TX_TP_CD) 
   VALUES (1010038, 'getCTCContractRolePrivacyPreferenceByIdPK', null, null, CURRENT_TIMESTAMP, 'N', 'I', null, 1, null);


INSERT INTO CDBUSINESSTXTP (BUSINESS_TX_TP_CD, NAME, DESCRIPTION, EXPIRY_DT, LAST_UPDATE_DT, TX_LOG_IND, TX_OBJECT_TP, DEPRECATED_SINCE, DWL_PROD_TP_CD, PARENT_BUSINESS_TX_TP_CD) 
   VALUES (1010042, 'addCTCContractRolePrivacyPreference',  null, null, CURRENT_TIMESTAMP, 'N', 'P', null, 1, null);


INSERT INTO CDBUSINESSTXTP (BUSINESS_TX_TP_CD, NAME, DESCRIPTION, EXPIRY_DT, LAST_UPDATE_DT, TX_LOG_IND, TX_OBJECT_TP, DEPRECATED_SINCE, DWL_PROD_TP_CD, PARENT_BUSINESS_TX_TP_CD) 
   VALUES (1010045, 'updateCTCContractRolePrivacyPreference',  null, null, CURRENT_TIMESTAMP, 'N', 'P', null, 1, null);
   


----------------------------------------------
-- CDINTERNALTXNTP
----------------------------------------------


INSERT INTO CDINTERNALTXNTP (INTERNAL_BUS_TX_TP, NAME, DESCRIPTION, EXPIRY_DT, LAST_UPDATE_DT, COMPONENT_TYPE_ID, PARENT_INTERNAL_BUS_TX_TP) 
   VALUES (1010050, 'getCTCDataSource', null, null, CURRENT_TIMESTAMP, 1010007, null);
 
INSERT INTO INTERNALTXNKEY (INTERN_TX_KEY_ID, INTERNAL_BUS_TX_TP, APPLICATION, GROUP_NAME, ELEMENT_NAME, LAST_UPDATE_USER, LAST_UPDATE_DT)
   VALUES (1010049, 1010050, 'TCRM', 'CTCDataSourceBObj', 'DataSourceID', null, CURRENT_TIMESTAMP);


INSERT INTO CDINTERNALTXNTP (INTERNAL_BUS_TX_TP, NAME, DESCRIPTION, EXPIRY_DT, LAST_UPDATE_DT, COMPONENT_TYPE_ID, PARENT_INTERNAL_BUS_TX_TP) 
   VALUES (1010077, 'addCTCDataSource', null, null, CURRENT_TIMESTAMP, 1010007, null);
 
INSERT INTO INTERNALTXNKEY (INTERN_TX_KEY_ID, INTERNAL_BUS_TX_TP, APPLICATION, GROUP_NAME, ELEMENT_NAME, LAST_UPDATE_USER, LAST_UPDATE_DT)
   VALUES (1010076, 1010077, 'TCRM', 'CTCDataSourceBObj', 'DataSourceID', null, CURRENT_TIMESTAMP);


INSERT INTO CDINTERNALTXNTP (INTERNAL_BUS_TX_TP, NAME, DESCRIPTION, EXPIRY_DT, LAST_UPDATE_DT, COMPONENT_TYPE_ID, PARENT_INTERNAL_BUS_TX_TP) 
   VALUES (1010094, 'updateCTCDataSource', null, null, CURRENT_TIMESTAMP, 1010007, null);
 
INSERT INTO INTERNALTXNKEY (INTERN_TX_KEY_ID, INTERNAL_BUS_TX_TP, APPLICATION, GROUP_NAME, ELEMENT_NAME, LAST_UPDATE_USER, LAST_UPDATE_DT)
   VALUES (1010093, 1010094, 'TCRM', 'CTCDataSourceBObj', 'DataSourceID', null, CURRENT_TIMESTAMP);


INSERT INTO CDINTERNALTXNTP (INTERNAL_BUS_TX_TP, NAME, DESCRIPTION, EXPIRY_DT, LAST_UPDATE_DT, COMPONENT_TYPE_ID, PARENT_INTERNAL_BUS_TX_TP) 
   VALUES (1010201, 'getCTCPartySegment', null, null, CURRENT_TIMESTAMP, 1010328, null);
 
INSERT INTO INTERNALTXNKEY (INTERN_TX_KEY_ID, INTERNAL_BUS_TX_TP, APPLICATION, GROUP_NAME, ELEMENT_NAME, LAST_UPDATE_USER, LAST_UPDATE_DT)
   VALUES (1010200, 1010201, 'TCRM', 'CTCPartySegmentBObj', 'PartySegmentId', null, CURRENT_TIMESTAMP);


INSERT INTO CDINTERNALTXNTP (INTERNAL_BUS_TX_TP, NAME, DESCRIPTION, EXPIRY_DT, LAST_UPDATE_DT, COMPONENT_TYPE_ID, PARENT_INTERNAL_BUS_TX_TP) 
   VALUES (1010228, 'addCTCPartySegment', null, null, CURRENT_TIMESTAMP, 1010328, null);
 
INSERT INTO INTERNALTXNKEY (INTERN_TX_KEY_ID, INTERNAL_BUS_TX_TP, APPLICATION, GROUP_NAME, ELEMENT_NAME, LAST_UPDATE_USER, LAST_UPDATE_DT)
   VALUES (1010227, 1010228, 'TCRM', 'CTCPartySegmentBObj', 'PartySegmentId', null, CURRENT_TIMESTAMP);


INSERT INTO CDINTERNALTXNTP (INTERNAL_BUS_TX_TP, NAME, DESCRIPTION, EXPIRY_DT, LAST_UPDATE_DT, COMPONENT_TYPE_ID, PARENT_INTERNAL_BUS_TX_TP) 
   VALUES (1010245, 'updateCTCPartySegment', null, null, CURRENT_TIMESTAMP, 1010328, null);
 
INSERT INTO INTERNALTXNKEY (INTERN_TX_KEY_ID, INTERNAL_BUS_TX_TP, APPLICATION, GROUP_NAME, ELEMENT_NAME, LAST_UPDATE_USER, LAST_UPDATE_DT)
   VALUES (1010244, 1010245, 'TCRM', 'CTCPartySegmentBObj', 'PartySegmentId', null, CURRENT_TIMESTAMP);


INSERT INTO CDINTERNALTXNTP (INTERNAL_BUS_TX_TP, NAME, DESCRIPTION, EXPIRY_DT, LAST_UPDATE_DT, COMPONENT_TYPE_ID, PARENT_INTERNAL_BUS_TX_TP) 
   VALUES (1010350, 'getAllCTCDataSourcesByEntity', null, null, CURRENT_TIMESTAMP, 1010007, null);
 
INSERT INTO INTERNALTXNKEY (INTERN_TX_KEY_ID, INTERNAL_BUS_TX_TP, APPLICATION, GROUP_NAME, ELEMENT_NAME, LAST_UPDATE_USER, LAST_UPDATE_DT)
   VALUES (1010349, 1010350, 'TCRM', 'CTCDataSourceBObj', 'DataSourceID', null, CURRENT_TIMESTAMP);


INSERT INTO CDINTERNALTXNTP (INTERNAL_BUS_TX_TP, NAME, DESCRIPTION, EXPIRY_DT, LAST_UPDATE_DT, COMPONENT_TYPE_ID, PARENT_INTERNAL_BUS_TX_TP) 
   VALUES (1010366, 'getAllCTCPartySegment', null, null, CURRENT_TIMESTAMP, 1010328, null);
 
INSERT INTO INTERNALTXNKEY (INTERN_TX_KEY_ID, INTERNAL_BUS_TX_TP, APPLICATION, GROUP_NAME, ELEMENT_NAME, LAST_UPDATE_USER, LAST_UPDATE_DT)
   VALUES (1010365, 1010366, 'TCRM', 'CTCPartySegmentBObj', 'PartySegmentId', null, CURRENT_TIMESTAMP);

--@Shanu
INSERT INTO CDINTERNALTXNTP (INTERNAL_BUS_TX_TP, NAME, DESCRIPTION, EXPIRY_DT, LAST_UPDATE_DT, COMPONENT_TYPE_ID, PARENT_INTERNAL_BUS_TX_TP) 
   VALUES (1010158, 'getCTCContractRolePrivacyPreference', null, null, CURRENT_TIMESTAMP, 1010076, null);
 
INSERT INTO CDINTERNALTXNTP (INTERNAL_BUS_TX_TP, NAME, DESCRIPTION, EXPIRY_DT, LAST_UPDATE_DT, COMPONENT_TYPE_ID, PARENT_INTERNAL_BUS_TX_TP) 
   VALUES (1010159, 'getAllCTCContractRolePrivacyPreferences', null, null, CURRENT_TIMESTAMP, 1010076, null);
 
INSERT INTO CDINTERNALTXNTP (INTERNAL_BUS_TX_TP, NAME, DESCRIPTION, EXPIRY_DT, LAST_UPDATE_DT, COMPONENT_TYPE_ID, PARENT_INTERNAL_BUS_TX_TP) 
   VALUES (1010160, 'getCTCContractRolePrivacyPreferenceByIdPK', null, null, CURRENT_TIMESTAMP, 1010076, null);
 
INSERT INTO CDINTERNALTXNTP (INTERNAL_BUS_TX_TP, NAME, DESCRIPTION, EXPIRY_DT, LAST_UPDATE_DT, COMPONENT_TYPE_ID, PARENT_INTERNAL_BUS_TX_TP) 
   VALUES (1010161, 'addCTCContractRolePrivacyPreference', null, null, CURRENT_TIMESTAMP, 1010076, null);
 
INSERT INTO CDINTERNALTXNTP (INTERNAL_BUS_TX_TP, NAME, DESCRIPTION, EXPIRY_DT, LAST_UPDATE_DT, COMPONENT_TYPE_ID, PARENT_INTERNAL_BUS_TX_TP) 
   VALUES (1010162, 'updateCTCContractRolePrivacyPreference', null, null, CURRENT_TIMESTAMP, 1010076, null);


----------------------------------------------
-- BUSINTERNALTXN
----------------------------------------------
INSERT INTO BUSINTERNALTXN (BUS_INTERN_TXN_ID, BUSINESS_TX_TP_CD, INTERNAL_BUS_TX_TP, INT_TX_LOG_IND, LAST_UPDATE_DT) 
   VALUES (1010051, 1010047, 1010050, 'N', CURRENT_TIMESTAMP);
 
INSERT INTO BUSINTERNALTXN (BUS_INTERN_TXN_ID, BUSINESS_TX_TP_CD, INTERNAL_BUS_TX_TP, INT_TX_LOG_IND, LAST_UPDATE_DT) 
   VALUES (1010078, 1010074, 1010077, 'N', CURRENT_TIMESTAMP);
 
INSERT INTO BUSINTERNALTXN (BUS_INTERN_TXN_ID, BUSINESS_TX_TP_CD, INTERNAL_BUS_TX_TP, INT_TX_LOG_IND, LAST_UPDATE_DT) 
   VALUES (1010095, 1010091, 1010094, 'N', CURRENT_TIMESTAMP);
 
INSERT INTO BUSINTERNALTXN (BUS_INTERN_TXN_ID, BUSINESS_TX_TP_CD, INTERNAL_BUS_TX_TP, INT_TX_LOG_IND, LAST_UPDATE_DT) 
   VALUES (1010202, 1010198, 1010201, 'N', CURRENT_TIMESTAMP);
 
INSERT INTO BUSINTERNALTXN (BUS_INTERN_TXN_ID, BUSINESS_TX_TP_CD, INTERNAL_BUS_TX_TP, INT_TX_LOG_IND, LAST_UPDATE_DT) 
   VALUES (1010229, 1010225, 1010228, 'N', CURRENT_TIMESTAMP);
 
INSERT INTO BUSINTERNALTXN (BUS_INTERN_TXN_ID, BUSINESS_TX_TP_CD, INTERNAL_BUS_TX_TP, INT_TX_LOG_IND, LAST_UPDATE_DT) 
   VALUES (1010246, 1010242, 1010245, 'N', CURRENT_TIMESTAMP);
 
INSERT INTO BUSINTERNALTXN (BUS_INTERN_TXN_ID, BUSINESS_TX_TP_CD, INTERNAL_BUS_TX_TP, INT_TX_LOG_IND, LAST_UPDATE_DT) 
   VALUES (1010351, 1010347, 1010350, 'N', CURRENT_TIMESTAMP);
 
INSERT INTO BUSINTERNALTXN (BUS_INTERN_TXN_ID, BUSINESS_TX_TP_CD, INTERNAL_BUS_TX_TP, INT_TX_LOG_IND, LAST_UPDATE_DT) 
   VALUES (1010367, 1010363, 1010366, 'N', CURRENT_TIMESTAMP);
 
--@Shanu
INSERT INTO BUSINTERNALTXN (BUS_INTERN_TXN_ID, BUSINESS_TX_TP_CD, INTERNAL_BUS_TX_TP, INT_TX_LOG_IND, LAST_UPDATE_DT) 
   VALUES (1010167, 1010034, 1010158, 'N', CURRENT_TIMESTAMP);
 
INSERT INTO BUSINTERNALTXN (BUS_INTERN_TXN_ID, BUSINESS_TX_TP_CD, INTERNAL_BUS_TX_TP, INT_TX_LOG_IND, LAST_UPDATE_DT) 
   VALUES (1010168, 1010036, 1010159, 'N', CURRENT_TIMESTAMP);
 
INSERT INTO BUSINTERNALTXN (BUS_INTERN_TXN_ID, BUSINESS_TX_TP_CD, INTERNAL_BUS_TX_TP, INT_TX_LOG_IND, LAST_UPDATE_DT) 
   VALUES (1010169, 1010038, 1010160, 'N', CURRENT_TIMESTAMP);
 
INSERT INTO BUSINTERNALTXN (BUS_INTERN_TXN_ID, BUSINESS_TX_TP_CD, INTERNAL_BUS_TX_TP, INT_TX_LOG_IND, LAST_UPDATE_DT) 
   VALUES (1010170, 1010042, 1010161, 'N', CURRENT_TIMESTAMP);
 
INSERT INTO BUSINTERNALTXN (BUS_INTERN_TXN_ID, BUSINESS_TX_TP_CD, INTERNAL_BUS_TX_TP, INT_TX_LOG_IND, LAST_UPDATE_DT) 
   VALUES (1010171, 1010045, 1010162, 'N', CURRENT_TIMESTAMP);


----------------------------------------------
-- BUSINESSTXREQRESP
----------------------------------------------

INSERT INTO BUSINESSTXREQRESP (BUSTX_REQRESP_ID, BUSINESS_TX_TP_CD, APPLICATION, GROUP_NAME, REQ_RESP_IND, TX_PARAM_TP_CD, PARAM_NAME, PARAM_ORDER, LAST_UPDATE_USER, LAST_UPDATE_DT, COLLECTION_IND)
values (1010072, 1010047, null, null, 'I', 1, 'DataSourceID', 1, 'cusadmin', CURRENT_TIMESTAMP, null);

INSERT INTO BUSINESSTXREQRESP (BUSTX_REQRESP_ID, BUSINESS_TX_TP_CD, APPLICATION, GROUP_NAME, REQ_RESP_IND, TX_PARAM_TP_CD, PARAM_NAME, PARAM_ORDER, LAST_UPDATE_USER, LAST_UPDATE_DT, COLLECTION_IND)
values (1010052, 1010047, null, null, 'I', 5, 'aDWLControl', 2, 'cusadmin', CURRENT_TIMESTAMP, null);

INSERT INTO BUSINESSTXREQRESP (BUSTX_REQRESP_ID, BUSINESS_TX_TP_CD, APPLICATION, GROUP_NAME, REQ_RESP_IND, TX_PARAM_TP_CD, PARAM_NAME, PARAM_ORDER, LAST_UPDATE_USER, LAST_UPDATE_DT, COLLECTION_IND)
values (1010053, 1010047, 'TCRM', 'CTCDataSourceBObj', 'O', null, null, null, 'cusadmin', CURRENT_TIMESTAMP, 'N');


  
INSERT INTO BUSINESSTXREQRESP (BUSTX_REQRESP_ID, BUSINESS_TX_TP_CD, APPLICATION, GROUP_NAME, REQ_RESP_IND, TX_PARAM_TP_CD, PARAM_NAME, PARAM_ORDER, LAST_UPDATE_USER, LAST_UPDATE_DT, COLLECTION_IND)
values (1010079, 1010074, 'TCRM', 'CTCDataSourceBObj', 'I', null, null, 1, 'cusadmin', CURRENT_TIMESTAMP, null);

INSERT INTO BUSINESSTXREQRESP (BUSTX_REQRESP_ID, BUSINESS_TX_TP_CD, APPLICATION, GROUP_NAME, REQ_RESP_IND, TX_PARAM_TP_CD, PARAM_NAME, PARAM_ORDER, LAST_UPDATE_USER, LAST_UPDATE_DT, COLLECTION_IND)
values (1010080, 1010074, 'TCRM', 'CTCDataSourceBObj', 'O', null, null, null, 'cusadmin', CURRENT_TIMESTAMP, 'N');
	    

  
INSERT INTO BUSINESSTXREQRESP (BUSTX_REQRESP_ID, BUSINESS_TX_TP_CD, APPLICATION, GROUP_NAME, REQ_RESP_IND, TX_PARAM_TP_CD, PARAM_NAME, PARAM_ORDER, LAST_UPDATE_USER, LAST_UPDATE_DT, COLLECTION_IND)
values (1010096, 1010091, 'TCRM', 'CTCDataSourceBObj', 'I', null, null, 1, 'cusadmin', CURRENT_TIMESTAMP, null);

INSERT INTO BUSINESSTXREQRESP (BUSTX_REQRESP_ID, BUSINESS_TX_TP_CD, APPLICATION, GROUP_NAME, REQ_RESP_IND, TX_PARAM_TP_CD, PARAM_NAME, PARAM_ORDER, LAST_UPDATE_USER, LAST_UPDATE_DT, COLLECTION_IND)
values (1010097, 1010091, 'TCRM', 'CTCDataSourceBObj', 'O', null, null, null, 'cusadmin', CURRENT_TIMESTAMP, 'N');
	    
INSERT INTO BUSINESSTXREQRESP (BUSTX_REQRESP_ID, BUSINESS_TX_TP_CD, APPLICATION, GROUP_NAME, REQ_RESP_IND, TX_PARAM_TP_CD, PARAM_NAME, PARAM_ORDER, LAST_UPDATE_USER, LAST_UPDATE_DT, COLLECTION_IND)
values (1010223, 1010198, null, null, 'I', 1, 'PartySegmentId', 1, 'cusadmin', CURRENT_TIMESTAMP, null);

INSERT INTO BUSINESSTXREQRESP (BUSTX_REQRESP_ID, BUSINESS_TX_TP_CD, APPLICATION, GROUP_NAME, REQ_RESP_IND, TX_PARAM_TP_CD, PARAM_NAME, PARAM_ORDER, LAST_UPDATE_USER, LAST_UPDATE_DT, COLLECTION_IND)
values (1010203, 1010198, null, null, 'I', 5, 'aDWLControl', 2, 'cusadmin', CURRENT_TIMESTAMP, null);

INSERT INTO BUSINESSTXREQRESP (BUSTX_REQRESP_ID, BUSINESS_TX_TP_CD, APPLICATION, GROUP_NAME, REQ_RESP_IND, TX_PARAM_TP_CD, PARAM_NAME, PARAM_ORDER, LAST_UPDATE_USER, LAST_UPDATE_DT, COLLECTION_IND)
values (1010204, 1010198, 'TCRM', 'CTCPartySegmentBObj', 'O', null, null, null, 'cusadmin', CURRENT_TIMESTAMP, 'N');


  
INSERT INTO BUSINESSTXREQRESP (BUSTX_REQRESP_ID, BUSINESS_TX_TP_CD, APPLICATION, GROUP_NAME, REQ_RESP_IND, TX_PARAM_TP_CD, PARAM_NAME, PARAM_ORDER, LAST_UPDATE_USER, LAST_UPDATE_DT, COLLECTION_IND)
values (1010230, 1010225, 'TCRM', 'CTCPartySegmentBObj', 'I', null, null, 1, 'cusadmin', CURRENT_TIMESTAMP, null);

INSERT INTO BUSINESSTXREQRESP (BUSTX_REQRESP_ID, BUSINESS_TX_TP_CD, APPLICATION, GROUP_NAME, REQ_RESP_IND, TX_PARAM_TP_CD, PARAM_NAME, PARAM_ORDER, LAST_UPDATE_USER, LAST_UPDATE_DT, COLLECTION_IND)
values (1010231, 1010225, 'TCRM', 'CTCPartySegmentBObj', 'O', null, null, null, 'cusadmin', CURRENT_TIMESTAMP, 'N');
	    

  
INSERT INTO BUSINESSTXREQRESP (BUSTX_REQRESP_ID, BUSINESS_TX_TP_CD, APPLICATION, GROUP_NAME, REQ_RESP_IND, TX_PARAM_TP_CD, PARAM_NAME, PARAM_ORDER, LAST_UPDATE_USER, LAST_UPDATE_DT, COLLECTION_IND)
values (1010247, 1010242, 'TCRM', 'CTCPartySegmentBObj', 'I', null, null, 1, 'cusadmin', CURRENT_TIMESTAMP, null);

INSERT INTO BUSINESSTXREQRESP (BUSTX_REQRESP_ID, BUSINESS_TX_TP_CD, APPLICATION, GROUP_NAME, REQ_RESP_IND, TX_PARAM_TP_CD, PARAM_NAME, PARAM_ORDER, LAST_UPDATE_USER, LAST_UPDATE_DT, COLLECTION_IND)
values (1010248, 1010242, 'TCRM', 'CTCPartySegmentBObj', 'O', null, null, null, 'cusadmin', CURRENT_TIMESTAMP, 'N');
	    
INSERT INTO BUSINESSTXREQRESP (BUSTX_REQRESP_ID, BUSINESS_TX_TP_CD, APPLICATION, GROUP_NAME, REQ_RESP_IND, TX_PARAM_TP_CD, PARAM_NAME, PARAM_ORDER, LAST_UPDATE_USER, LAST_UPDATE_DT, COLLECTION_IND)
values (1010352, 1010347, null, null, 'I', 5, 'aDWLControl', 1, 'cusadmin', CURRENT_TIMESTAMP, null);

INSERT INTO BUSINESSTXREQRESP (BUSTX_REQRESP_ID, BUSINESS_TX_TP_CD, APPLICATION, GROUP_NAME, REQ_RESP_IND, TX_PARAM_TP_CD, PARAM_NAME, PARAM_ORDER, LAST_UPDATE_USER, LAST_UPDATE_DT, COLLECTION_IND)
values (1010353, 1010347, 'TCRM', 'CTCDataSourceBObj', 'O', null, null, null, 'cusadmin', CURRENT_TIMESTAMP, 'Y');

INSERT INTO BUSINESSTXREQRESP (BUSTX_REQRESP_ID, BUSINESS_TX_TP_CD, APPLICATION, GROUP_NAME, REQ_RESP_IND, TX_PARAM_TP_CD, PARAM_NAME, PARAM_ORDER, LAST_UPDATE_USER, LAST_UPDATE_DT, COLLECTION_IND)
values (1010388, 1010363, null, null, 'I', 6, 'ContId', 1, 'cusadmin', CURRENT_TIMESTAMP, null);

INSERT INTO BUSINESSTXREQRESP (BUSTX_REQRESP_ID, BUSINESS_TX_TP_CD, APPLICATION, GROUP_NAME, REQ_RESP_IND, TX_PARAM_TP_CD, PARAM_NAME, PARAM_ORDER, LAST_UPDATE_USER, LAST_UPDATE_DT, COLLECTION_IND)
values (1010373, 1010363, null, null, 'I', 6, 'filter', 2, 'cusadmin', CURRENT_TIMESTAMP, null);

INSERT INTO BUSINESSTXREQRESP (BUSTX_REQRESP_ID, BUSINESS_TX_TP_CD, APPLICATION, GROUP_NAME, REQ_RESP_IND, TX_PARAM_TP_CD, PARAM_NAME, PARAM_ORDER, LAST_UPDATE_USER, LAST_UPDATE_DT, COLLECTION_IND)
values (1010368, 1010363, null, null, 'I', 5, 'aDWLControl', 3, 'cusadmin', CURRENT_TIMESTAMP, null);

INSERT INTO BUSINESSTXREQRESP (BUSTX_REQRESP_ID, BUSINESS_TX_TP_CD, APPLICATION, GROUP_NAME, REQ_RESP_IND, TX_PARAM_TP_CD, PARAM_NAME, PARAM_ORDER, LAST_UPDATE_USER, LAST_UPDATE_DT, COLLECTION_IND)
values (1010369, 1010363, 'TCRM', 'CTCPartySegmentBObj', 'O', null, null, null, 'cusadmin', CURRENT_TIMESTAMP, 'Y');

--@Shanu
INSERT INTO BUSINESSTXREQRESP (BUSTX_REQRESP_ID, BUSINESS_TX_TP_CD, APPLICATION, GROUP_NAME, REQ_RESP_IND, TX_PARAM_TP_CD, PARAM_NAME, PARAM_ORDER, LAST_UPDATE_USER, LAST_UPDATE_DT, COLLECTION_IND)
values (1010181, 1010034, null, null, 'I', 5, 'aDWLControl', 1, 'cusadmin', CURRENT_TIMESTAMP, null);

INSERT INTO BUSINESSTXREQRESP (BUSTX_REQRESP_ID, BUSINESS_TX_TP_CD, APPLICATION, GROUP_NAME, REQ_RESP_IND, TX_PARAM_TP_CD, PARAM_NAME, PARAM_ORDER, LAST_UPDATE_USER, LAST_UPDATE_DT, COLLECTION_IND)
values (1010182, 1010034, 'TCRM', 'CTCContractRolePrivPrefBObj', 'O', null, null, null, 'cusadmin', CURRENT_TIMESTAMP, 'Y');

INSERT INTO BUSINESSTXREQRESP (BUSTX_REQRESP_ID, BUSINESS_TX_TP_CD, APPLICATION, GROUP_NAME, REQ_RESP_IND, TX_PARAM_TP_CD, PARAM_NAME, PARAM_ORDER, LAST_UPDATE_USER, LAST_UPDATE_DT, COLLECTION_IND)
values (1010183, 1010036, null, null, 'I', 5, 'aDWLControl', 1, 'cusadmin', CURRENT_TIMESTAMP, null);

INSERT INTO BUSINESSTXREQRESP (BUSTX_REQRESP_ID, BUSINESS_TX_TP_CD, APPLICATION, GROUP_NAME, REQ_RESP_IND, TX_PARAM_TP_CD, PARAM_NAME, PARAM_ORDER, LAST_UPDATE_USER, LAST_UPDATE_DT, COLLECTION_IND)
values (1010184, 1010036, 'TCRM', 'CTCContractRolePrivPrefBObj', 'O', null, null, null, 'cusadmin', CURRENT_TIMESTAMP, 'Y');

INSERT INTO BUSINESSTXREQRESP (BUSTX_REQRESP_ID, BUSINESS_TX_TP_CD, APPLICATION, GROUP_NAME, REQ_RESP_IND, TX_PARAM_TP_CD, PARAM_NAME, PARAM_ORDER, LAST_UPDATE_USER, LAST_UPDATE_DT, COLLECTION_IND)
values (1010185, 1010038, null, null, 'I', 1, 'CTCContractRolePrivPrefpkId', 1, 'cusadmin', CURRENT_TIMESTAMP, null);

INSERT INTO BUSINESSTXREQRESP (BUSTX_REQRESP_ID, BUSINESS_TX_TP_CD, APPLICATION, GROUP_NAME, REQ_RESP_IND, TX_PARAM_TP_CD, PARAM_NAME, PARAM_ORDER, LAST_UPDATE_USER, LAST_UPDATE_DT, COLLECTION_IND)
values (1010186, 1010038, null, null, 'I', 5, 'aDWLControl', 2, 'cusadmin', CURRENT_TIMESTAMP, null);

INSERT INTO BUSINESSTXREQRESP (BUSTX_REQRESP_ID, BUSINESS_TX_TP_CD, APPLICATION, GROUP_NAME, REQ_RESP_IND, TX_PARAM_TP_CD, PARAM_NAME, PARAM_ORDER, LAST_UPDATE_USER, LAST_UPDATE_DT, COLLECTION_IND)
values (1010187, 1010038, 'TCRM', 'CTCContractRolePrivPrefBObj', 'O', null, null, null, 'cusadmin', CURRENT_TIMESTAMP, 'N');

INSERT INTO BUSINESSTXREQRESP (BUSTX_REQRESP_ID, BUSINESS_TX_TP_CD, APPLICATION, GROUP_NAME, REQ_RESP_IND, TX_PARAM_TP_CD, PARAM_NAME, PARAM_ORDER, LAST_UPDATE_USER, LAST_UPDATE_DT, COLLECTION_IND)
values (1010188, 1010042, 'TCRM', 'CTCContractRolePrivPrefBObj', 'I', null, null, 1, 'cusadmin', CURRENT_TIMESTAMP, null);

INSERT INTO BUSINESSTXREQRESP (BUSTX_REQRESP_ID, BUSINESS_TX_TP_CD, APPLICATION, GROUP_NAME, REQ_RESP_IND, TX_PARAM_TP_CD, PARAM_NAME, PARAM_ORDER, LAST_UPDATE_USER, LAST_UPDATE_DT, COLLECTION_IND)
values (1010189, 1010042, 'TCRM', 'CTCContractRolePrivPrefBObj', 'O', null, null, null, 'cusadmin', CURRENT_TIMESTAMP, 'N');
        

INSERT INTO BUSINESSTXREQRESP (BUSTX_REQRESP_ID, BUSINESS_TX_TP_CD, APPLICATION, GROUP_NAME, REQ_RESP_IND, TX_PARAM_TP_CD, PARAM_NAME, PARAM_ORDER, LAST_UPDATE_USER, LAST_UPDATE_DT, COLLECTION_IND)
values (1010190, 1010045, 'TCRM', 'CTCContractRolePrivPrefBObj', 'I', null, null, 1, 'cusadmin', CURRENT_TIMESTAMP, null);

INSERT INTO BUSINESSTXREQRESP (BUSTX_REQRESP_ID, BUSINESS_TX_TP_CD, APPLICATION, GROUP_NAME, REQ_RESP_IND, TX_PARAM_TP_CD, PARAM_NAME, PARAM_ORDER, LAST_UPDATE_USER, LAST_UPDATE_DT, COLLECTION_IND)
values (1010191, 1010045, 'TCRM', 'CTCContractRolePrivPrefBObj', 'O', null, null, null, 'cusadmin', CURRENT_TIMESTAMP, 'N');



----------------------------------------------
-- INTERNALTXREQRESP
----------------------------------------------

INSERT INTO INTERNALTXREQRESP (INTERNTX_REQRESP_ID, INTERNAL_BUS_TX_TP, APPLICATION, GROUP_NAME, REQ_RESP_IND, TX_PARAM_TP_CD, PARAM_NAME, PARAM_ORDER, LAST_UPDATE_USER, LAST_UPDATE_DT, COLLECTION_IND)
values (1010073, 1010050, null, null, 'I', 1, 'DataSourceID', 1, 'cusadmin', CURRENT_TIMESTAMP, null);

INSERT INTO INTERNALTXREQRESP (INTERNTX_REQRESP_ID, INTERNAL_BUS_TX_TP, APPLICATION, GROUP_NAME, REQ_RESP_IND, TX_PARAM_TP_CD, PARAM_NAME, PARAM_ORDER, LAST_UPDATE_USER, LAST_UPDATE_DT, COLLECTION_IND)
values (1010054, 1010050, null, null, 'I', 5, 'aDWLControl', 2, 'cusadmin', CURRENT_TIMESTAMP, null);

INSERT INTO INTERNALTXREQRESP (INTERNTX_REQRESP_ID, INTERNAL_BUS_TX_TP, APPLICATION, GROUP_NAME, REQ_RESP_IND, TX_PARAM_TP_CD, PARAM_NAME, PARAM_ORDER, LAST_UPDATE_USER, LAST_UPDATE_DT, COLLECTION_IND)
values (1010055, 1010050, 'TCRM', 'CTCDataSourceBObj', 'O', null, null, null, 'cusadmin', CURRENT_TIMESTAMP, 'N');

  
INSERT INTO INTERNALTXREQRESP (INTERNTX_REQRESP_ID, INTERNAL_BUS_TX_TP, APPLICATION, GROUP_NAME, REQ_RESP_IND, TX_PARAM_TP_CD, PARAM_NAME, PARAM_ORDER, LAST_UPDATE_USER, LAST_UPDATE_DT, COLLECTION_IND)
values (1010081, 1010077, 'TCRM', 'CTCDataSourceBObj', 'I', null, null, 1, 'cusadmin', CURRENT_TIMESTAMP, null);

INSERT INTO INTERNALTXREQRESP (INTERNTX_REQRESP_ID, INTERNAL_BUS_TX_TP, APPLICATION, GROUP_NAME, REQ_RESP_IND, TX_PARAM_TP_CD, PARAM_NAME, PARAM_ORDER, LAST_UPDATE_USER, LAST_UPDATE_DT, COLLECTION_IND)
values (1010082, 1010077, 'TCRM', 'CTCDataSourceBObj', 'O', null, null, null, 'cusadmin', CURRENT_TIMESTAMP, 'N');
	    
  
INSERT INTO INTERNALTXREQRESP (INTERNTX_REQRESP_ID, INTERNAL_BUS_TX_TP, APPLICATION, GROUP_NAME, REQ_RESP_IND, TX_PARAM_TP_CD, PARAM_NAME, PARAM_ORDER, LAST_UPDATE_USER, LAST_UPDATE_DT, COLLECTION_IND)
values (1010098, 1010094, 'TCRM', 'CTCDataSourceBObj', 'I', null, null, 1, 'cusadmin', CURRENT_TIMESTAMP, null);

INSERT INTO INTERNALTXREQRESP (INTERNTX_REQRESP_ID, INTERNAL_BUS_TX_TP, APPLICATION, GROUP_NAME, REQ_RESP_IND, TX_PARAM_TP_CD, PARAM_NAME, PARAM_ORDER, LAST_UPDATE_USER, LAST_UPDATE_DT, COLLECTION_IND)
values (1010099, 1010094, 'TCRM', 'CTCDataSourceBObj', 'O', null, null, null, 'cusadmin', CURRENT_TIMESTAMP, 'N');
	    
INSERT INTO INTERNALTXREQRESP (INTERNTX_REQRESP_ID, INTERNAL_BUS_TX_TP, APPLICATION, GROUP_NAME, REQ_RESP_IND, TX_PARAM_TP_CD, PARAM_NAME, PARAM_ORDER, LAST_UPDATE_USER, LAST_UPDATE_DT, COLLECTION_IND)
values (1010224, 1010201, null, null, 'I', 1, 'PartySegmentId', 1, 'cusadmin', CURRENT_TIMESTAMP, null);

INSERT INTO INTERNALTXREQRESP (INTERNTX_REQRESP_ID, INTERNAL_BUS_TX_TP, APPLICATION, GROUP_NAME, REQ_RESP_IND, TX_PARAM_TP_CD, PARAM_NAME, PARAM_ORDER, LAST_UPDATE_USER, LAST_UPDATE_DT, COLLECTION_IND)
values (1010205, 1010201, null, null, 'I', 5, 'aDWLControl', 2, 'cusadmin', CURRENT_TIMESTAMP, null);

INSERT INTO INTERNALTXREQRESP (INTERNTX_REQRESP_ID, INTERNAL_BUS_TX_TP, APPLICATION, GROUP_NAME, REQ_RESP_IND, TX_PARAM_TP_CD, PARAM_NAME, PARAM_ORDER, LAST_UPDATE_USER, LAST_UPDATE_DT, COLLECTION_IND)
values (1010206, 1010201, 'TCRM', 'CTCPartySegmentBObj', 'O', null, null, null, 'cusadmin', CURRENT_TIMESTAMP, 'N');

  
INSERT INTO INTERNALTXREQRESP (INTERNTX_REQRESP_ID, INTERNAL_BUS_TX_TP, APPLICATION, GROUP_NAME, REQ_RESP_IND, TX_PARAM_TP_CD, PARAM_NAME, PARAM_ORDER, LAST_UPDATE_USER, LAST_UPDATE_DT, COLLECTION_IND)
values (1010232, 1010228, 'TCRM', 'CTCPartySegmentBObj', 'I', null, null, 1, 'cusadmin', CURRENT_TIMESTAMP, null);

INSERT INTO INTERNALTXREQRESP (INTERNTX_REQRESP_ID, INTERNAL_BUS_TX_TP, APPLICATION, GROUP_NAME, REQ_RESP_IND, TX_PARAM_TP_CD, PARAM_NAME, PARAM_ORDER, LAST_UPDATE_USER, LAST_UPDATE_DT, COLLECTION_IND)
values (1010233, 1010228, 'TCRM', 'CTCPartySegmentBObj', 'O', null, null, null, 'cusadmin', CURRENT_TIMESTAMP, 'N');
	    
  
INSERT INTO INTERNALTXREQRESP (INTERNTX_REQRESP_ID, INTERNAL_BUS_TX_TP, APPLICATION, GROUP_NAME, REQ_RESP_IND, TX_PARAM_TP_CD, PARAM_NAME, PARAM_ORDER, LAST_UPDATE_USER, LAST_UPDATE_DT, COLLECTION_IND)
values (1010249, 1010245, 'TCRM', 'CTCPartySegmentBObj', 'I', null, null, 1, 'cusadmin', CURRENT_TIMESTAMP, null);

INSERT INTO INTERNALTXREQRESP (INTERNTX_REQRESP_ID, INTERNAL_BUS_TX_TP, APPLICATION, GROUP_NAME, REQ_RESP_IND, TX_PARAM_TP_CD, PARAM_NAME, PARAM_ORDER, LAST_UPDATE_USER, LAST_UPDATE_DT, COLLECTION_IND)
values (1010250, 1010245, 'TCRM', 'CTCPartySegmentBObj', 'O', null, null, null, 'cusadmin', CURRENT_TIMESTAMP, 'N');
	    
INSERT INTO INTERNALTXREQRESP (INTERNTX_REQRESP_ID, INTERNAL_BUS_TX_TP, APPLICATION, GROUP_NAME, REQ_RESP_IND, TX_PARAM_TP_CD, PARAM_NAME, PARAM_ORDER, LAST_UPDATE_USER, LAST_UPDATE_DT, COLLECTION_IND)
values (1010354, 1010350, null, null, 'I', 5, 'aDWLControl', 1, 'cusadmin', CURRENT_TIMESTAMP, null);

INSERT INTO INTERNALTXREQRESP (INTERNTX_REQRESP_ID, INTERNAL_BUS_TX_TP, APPLICATION, GROUP_NAME, REQ_RESP_IND, TX_PARAM_TP_CD, PARAM_NAME, PARAM_ORDER, LAST_UPDATE_USER, LAST_UPDATE_DT, COLLECTION_IND)
values (1010355, 1010350, 'TCRM', 'CTCDataSourceBObj', 'O', null, null, null, 'cusadmin', CURRENT_TIMESTAMP, 'Y');

INSERT INTO INTERNALTXREQRESP (INTERNTX_REQRESP_ID, INTERNAL_BUS_TX_TP, APPLICATION, GROUP_NAME, REQ_RESP_IND, TX_PARAM_TP_CD, PARAM_NAME, PARAM_ORDER, LAST_UPDATE_USER, LAST_UPDATE_DT, COLLECTION_IND)
values (1010389, 1010366, null, null, 'I', 6, 'ContId', 1, 'cusadmin', CURRENT_TIMESTAMP, null);

INSERT INTO INTERNALTXREQRESP (INTERNTX_REQRESP_ID, INTERNAL_BUS_TX_TP, APPLICATION, GROUP_NAME, REQ_RESP_IND, TX_PARAM_TP_CD, PARAM_NAME, PARAM_ORDER, LAST_UPDATE_USER, LAST_UPDATE_DT, COLLECTION_IND)
values (1010375, 1010366, null, null, 'I', 6, 'filter', 2, 'cusadmin', CURRENT_TIMESTAMP, null);

INSERT INTO INTERNALTXREQRESP (INTERNTX_REQRESP_ID, INTERNAL_BUS_TX_TP, APPLICATION, GROUP_NAME, REQ_RESP_IND, TX_PARAM_TP_CD, PARAM_NAME, PARAM_ORDER, LAST_UPDATE_USER, LAST_UPDATE_DT, COLLECTION_IND)
values (1010370, 1010366, null, null, 'I', 5, 'aDWLControl', 3, 'cusadmin', CURRENT_TIMESTAMP, null);

INSERT INTO INTERNALTXREQRESP (INTERNTX_REQRESP_ID, INTERNAL_BUS_TX_TP, APPLICATION, GROUP_NAME, REQ_RESP_IND, TX_PARAM_TP_CD, PARAM_NAME, PARAM_ORDER, LAST_UPDATE_USER, LAST_UPDATE_DT, COLLECTION_IND)
values (1010371, 1010366, 'TCRM', 'CTCPartySegmentBObj', 'O', null, null, null, 'cusadmin', CURRENT_TIMESTAMP, 'Y');

--@Shanu
INSERT INTO INTERNALTXREQRESP (INTERNTX_REQRESP_ID, INTERNAL_BUS_TX_TP, APPLICATION, GROUP_NAME, REQ_RESP_IND, TX_PARAM_TP_CD, PARAM_NAME, PARAM_ORDER, LAST_UPDATE_USER, LAST_UPDATE_DT, COLLECTION_IND)
values (1010201, 1010158, null, null, 'I', 5, 'aDWLControl', 1, 'cusadmin', CURRENT_TIMESTAMP, null);

INSERT INTO INTERNALTXREQRESP (INTERNTX_REQRESP_ID, INTERNAL_BUS_TX_TP, APPLICATION, GROUP_NAME, REQ_RESP_IND, TX_PARAM_TP_CD, PARAM_NAME, PARAM_ORDER, LAST_UPDATE_USER, LAST_UPDATE_DT, COLLECTION_IND)
values (1010202, 1010158, 'TCRM', 'CTCContractRolePrivPrefBObj', 'O', null, null, null, 'cusadmin', CURRENT_TIMESTAMP, 'Y');

INSERT INTO INTERNALTXREQRESP (INTERNTX_REQRESP_ID, INTERNAL_BUS_TX_TP, APPLICATION, GROUP_NAME, REQ_RESP_IND, TX_PARAM_TP_CD, PARAM_NAME, PARAM_ORDER, LAST_UPDATE_USER, LAST_UPDATE_DT, COLLECTION_IND)
values (1010203, 1010159, null, null, 'I', 5, 'aDWLControl', 1, 'cusadmin', CURRENT_TIMESTAMP, null);

INSERT INTO INTERNALTXREQRESP (INTERNTX_REQRESP_ID, INTERNAL_BUS_TX_TP, APPLICATION, GROUP_NAME, REQ_RESP_IND, TX_PARAM_TP_CD, PARAM_NAME, PARAM_ORDER, LAST_UPDATE_USER, LAST_UPDATE_DT, COLLECTION_IND)
values (1010204, 1010159, 'TCRM', 'CTCContractRolePrivPrefBObj', 'O', null, null, null, 'cusadmin', CURRENT_TIMESTAMP, 'Y');

INSERT INTO INTERNALTXREQRESP (INTERNTX_REQRESP_ID, INTERNAL_BUS_TX_TP, APPLICATION, GROUP_NAME, REQ_RESP_IND, TX_PARAM_TP_CD, PARAM_NAME, PARAM_ORDER, LAST_UPDATE_USER, LAST_UPDATE_DT, COLLECTION_IND)
values (1010205, 1010160, null, null, 'I', 1, 'CTCContractRolePrivPrefpkId', 1, 'cusadmin', CURRENT_TIMESTAMP, null);

INSERT INTO INTERNALTXREQRESP (INTERNTX_REQRESP_ID, INTERNAL_BUS_TX_TP, APPLICATION, GROUP_NAME, REQ_RESP_IND, TX_PARAM_TP_CD, PARAM_NAME, PARAM_ORDER, LAST_UPDATE_USER, LAST_UPDATE_DT, COLLECTION_IND)
values (1010206, 1010160, null, null, 'I', 5, 'aDWLControl', 2, 'cusadmin', CURRENT_TIMESTAMP, null);

INSERT INTO INTERNALTXREQRESP (INTERNTX_REQRESP_ID, INTERNAL_BUS_TX_TP, APPLICATION, GROUP_NAME, REQ_RESP_IND, TX_PARAM_TP_CD, PARAM_NAME, PARAM_ORDER, LAST_UPDATE_USER, LAST_UPDATE_DT, COLLECTION_IND)
values (1010207, 1010160, 'TCRM', 'CTCContractRolePrivPrefBObj', 'O', null, null, null, 'cusadmin', CURRENT_TIMESTAMP, 'N');

  
INSERT INTO INTERNALTXREQRESP (INTERNTX_REQRESP_ID, INTERNAL_BUS_TX_TP, APPLICATION, GROUP_NAME, REQ_RESP_IND, TX_PARAM_TP_CD, PARAM_NAME, PARAM_ORDER, LAST_UPDATE_USER, LAST_UPDATE_DT, COLLECTION_IND)
values (1010208, 1010161, 'TCRM', 'CTCContractRolePrivPrefBObj', 'I', null, null, 1, 'cusadmin', CURRENT_TIMESTAMP, null);

INSERT INTO INTERNALTXREQRESP (INTERNTX_REQRESP_ID, INTERNAL_BUS_TX_TP, APPLICATION, GROUP_NAME, REQ_RESP_IND, TX_PARAM_TP_CD, PARAM_NAME, PARAM_ORDER, LAST_UPDATE_USER, LAST_UPDATE_DT, COLLECTION_IND)
values (1010209, 1010161, 'TCRM', 'CTCContractRolePrivPrefBObj', 'O', null, null, null, 'cusadmin', CURRENT_TIMESTAMP, 'N');
        
  
INSERT INTO INTERNALTXREQRESP (INTERNTX_REQRESP_ID, INTERNAL_BUS_TX_TP, APPLICATION, GROUP_NAME, REQ_RESP_IND, TX_PARAM_TP_CD, PARAM_NAME, PARAM_ORDER, LAST_UPDATE_USER, LAST_UPDATE_DT, COLLECTION_IND)
values (1010210, 1010162, 'TCRM', 'CTCContractRolePrivPrefBObj', 'I', null, null, 1, 'cusadmin', CURRENT_TIMESTAMP, null);

INSERT INTO INTERNALTXREQRESP (INTERNTX_REQRESP_ID, INTERNAL_BUS_TX_TP, APPLICATION, GROUP_NAME, REQ_RESP_IND, TX_PARAM_TP_CD, PARAM_NAME, PARAM_ORDER, LAST_UPDATE_USER, LAST_UPDATE_DT, COLLECTION_IND)
values (1010211, 1010162, 'TCRM', 'CTCContractRolePrivPrefBObj', 'O', null, null, null, 'cusadmin', CURRENT_TIMESTAMP, 'N');


----------------------------------------------
-- GROUPTXMAP
----------------------------------------------

INSERT INTO GROUPTXMAP (ENTITY_TX_MAP_ID, GROUP_NAME, APPLICATION, BUSINESS_TX_TP_CD, LAST_UPDATE_DT ) 
   VALUES (1010034, 'CTCDataSourceBObj', 'TCRM', 1010047, CURRENT_TIMESTAMP);
 
INSERT INTO GROUPTXMAP (ENTITY_TX_MAP_ID, GROUP_NAME, APPLICATION, BUSINESS_TX_TP_CD, LAST_UPDATE_DT ) 
   VALUES (1010185, 'CTCPartySegmentBObj', 'TCRM', 1010198, CURRENT_TIMESTAMP);
--@ Shanu   
INSERT INTO GROUPTXMAP (ENTITY_TX_MAP_ID, GROUP_NAME, APPLICATION, BUSINESS_TX_TP_CD, LAST_UPDATE_DT ) 
   VALUES (1010213, 'CTCContractRolePrivPrefBObj', 'TCRM', 1010038, CURRENT_TIMESTAMP);
   
 


----------------------------------------------
-- TAIL setup
----------------------------------------------



INSERT INTO ASIDEFINITION (ASI_DEFINITION_ID, ASI_NAME, TRANSFORM_TP_CD, MAPPING_DEFN, ADAPTER_NAME, DESCRIPTION, START_DT, LAST_UPDATE_DT)
	VALUES (1010004, 'http://addition.mdm.ctc.com/CTCAdditions/port', 1, 'com.ibm.mdm.asi.transformation.MDMDefaultWSReqTransformation', 'com.ibm.mdm.asi.MDMOperationalServicesRequestAdapter', 'WS request transform for CTCAdditions', CURRENT_TIMESTAMP, CURRENT_TIMESTAMP);
	
INSERT INTO ASIDEFINITION (ASI_DEFINITION_ID, ASI_NAME, TRANSFORM_TP_CD, MAPPING_DEFN, ADAPTER_NAME, DESCRIPTION, START_DT, LAST_UPDATE_DT)
	VALUES (1010005, 'http://addition.mdm.ctc.com/CTCAdditions/port', 2, 'com.ibm.mdm.asi.transformation.MDMDefaultWSRespTransformation', 'com.ibm.mdm.asi.MDMDefaultResponseAdapter', 'WS response transform for CTCAdditions', CURRENT_TIMESTAMP, CURRENT_TIMESTAMP);
	
