----------------------------------------------
-- Component type
----------------------------------------------
INSERT INTO COMPONENTTYPE (COMPONENT_TYPE_ID, DWL_PROD_TP_CD, COMPON_TYPE_VALUE, COMPON_LONG_DESC, LAST_UPDATE_DT, COMPONENT_CLASS ) 
   VALUES ( 1010070, 1, 'CTCContractRolePrivPrefBObj', null, CURRENT_TIMESTAMP, null);
INSERT INTO COMPONENTTYPE (COMPONENT_TYPE_ID, DWL_PROD_TP_CD, COMPON_TYPE_VALUE, COMPON_LONG_DESC, LAST_UPDATE_DT, COMPONENT_CLASS ) 
   VALUES ( 1010074, 1, 'CTCContractRolePrivPrefController', null, CURRENT_TIMESTAMP, null);
INSERT INTO COMPONENTTYPE (COMPONENT_TYPE_ID, DWL_PROD_TP_CD, COMPON_TYPE_VALUE, COMPON_LONG_DESC, LAST_UPDATE_DT, COMPONENT_CLASS ) 
   VALUES ( 1010076, 1, 'CTCContractRolePrivPrefComponent', null, CURRENT_TIMESTAMP, 'com.ctc.mdm.addition.component.CTCContractRolePrivPrefComponent');
   
   


----------------------------------------------
--ERRREASON
----------------------------------------------
INSERT INTO ERRREASON (ERR_REASON_TP_CD, COMPONENT_TYPE_ID, ERR_TYPE_CD, ERR_MESSAGE_TP_CD, LAST_UPDATE_DT) 
   VALUES (1010077, 1010076, 'READERR', 1010035, CURRENT_TIMESTAMP);
   
INSERT INTO ERRREASON (ERR_REASON_TP_CD, COMPONENT_TYPE_ID, ERR_TYPE_CD, ERR_MESSAGE_TP_CD, LAST_UPDATE_DT) 
   VALUES (1010079, 1010076, 'READERR', 1010037, CURRENT_TIMESTAMP);
   
INSERT INTO ERRREASON (ERR_REASON_TP_CD, COMPONENT_TYPE_ID, ERR_TYPE_CD, ERR_MESSAGE_TP_CD, LAST_UPDATE_DT) 
   VALUES (1010081, 1010076, 'READERR', 1010039, CURRENT_TIMESTAMP);
   
INSERT INTO ERRREASON (ERR_REASON_TP_CD, COMPONENT_TYPE_ID, ERR_TYPE_CD, ERR_MESSAGE_TP_CD, LAST_UPDATE_DT) 
   VALUES (1010082, 1010076, 'READERR', 1010040, CURRENT_TIMESTAMP);
   
INSERT INTO ERRREASON (ERR_REASON_TP_CD, COMPONENT_TYPE_ID, ERR_TYPE_CD, ERR_MESSAGE_TP_CD, LAST_UPDATE_DT) 
   VALUES (1010083, 1010076, 'READERR', 1010041, CURRENT_TIMESTAMP);
   
INSERT INTO ERRREASON (ERR_REASON_TP_CD, COMPONENT_TYPE_ID, ERR_TYPE_CD, ERR_MESSAGE_TP_CD, LAST_UPDATE_DT) 
   VALUES (1010085, 1010076, 'INSERR', 1010043, CURRENT_TIMESTAMP);
   
INSERT INTO ERRREASON (ERR_REASON_TP_CD, COMPONENT_TYPE_ID, ERR_TYPE_CD, ERR_MESSAGE_TP_CD, LAST_UPDATE_DT) 
   VALUES (1010086, 1010076, 'DKERR', 1010044, CURRENT_TIMESTAMP);
   
INSERT INTO ERRREASON (ERR_REASON_TP_CD, COMPONENT_TYPE_ID, ERR_TYPE_CD, ERR_MESSAGE_TP_CD, LAST_UPDATE_DT) 
   VALUES (1010088, 1010076, 'UPDERR', 1010046, CURRENT_TIMESTAMP);
   
INSERT INTO ERRREASON (ERR_REASON_TP_CD, COMPONENT_TYPE_ID, ERR_TYPE_CD, ERR_MESSAGE_TP_CD, LAST_UPDATE_DT) 
   VALUES (1010071, 1010070, 'FVERR', 20, CURRENT_TIMESTAMP);
   
INSERT INTO ERRREASON (ERR_REASON_TP_CD, COMPONENT_TYPE_ID, ERR_TYPE_CD, ERR_MESSAGE_TP_CD, LAST_UPDATE_DT) 
   VALUES (1010072, 1010070, 'FVERR', 1010032, CURRENT_TIMESTAMP);
   
INSERT INTO ERRREASON (ERR_REASON_TP_CD, COMPONENT_TYPE_ID, ERR_TYPE_CD, ERR_MESSAGE_TP_CD, LAST_UPDATE_DT) 
   VALUES (1010073, 1010070, 'DIERR', 1010033, CURRENT_TIMESTAMP);
   
INSERT INTO ERRREASON (ERR_REASON_TP_CD, COMPONENT_TYPE_ID, ERR_TYPE_CD, ERR_MESSAGE_TP_CD, LAST_UPDATE_DT) 
   VALUES (1010075, 1010074, 'READERR', 1010035, CURRENT_TIMESTAMP);
   
INSERT INTO ERRREASON (ERR_REASON_TP_CD, COMPONENT_TYPE_ID, ERR_TYPE_CD, ERR_MESSAGE_TP_CD, LAST_UPDATE_DT) 
   VALUES (1010078, 1010074, 'READERR', 1010037, CURRENT_TIMESTAMP);
   
INSERT INTO ERRREASON (ERR_REASON_TP_CD, COMPONENT_TYPE_ID, ERR_TYPE_CD, ERR_MESSAGE_TP_CD, LAST_UPDATE_DT) 
   VALUES (1010080, 1010074, 'READERR', 1010039, CURRENT_TIMESTAMP);
   
INSERT INTO ERRREASON (ERR_REASON_TP_CD, COMPONENT_TYPE_ID, ERR_TYPE_CD, ERR_MESSAGE_TP_CD, LAST_UPDATE_DT) 
   VALUES (1010084, 1010074, 'INSERR', 1010043, CURRENT_TIMESTAMP);
   
INSERT INTO ERRREASON (ERR_REASON_TP_CD, COMPONENT_TYPE_ID, ERR_TYPE_CD, ERR_MESSAGE_TP_CD, LAST_UPDATE_DT) 
   VALUES (1010087, 1010074, 'UPDERR', 1010046, CURRENT_TIMESTAMP);
   
INSERT INTO ERRREASON (ERR_REASON_TP_CD, COMPONENT_TYPE_ID, ERR_TYPE_CD, ERR_MESSAGE_TP_CD, LAST_UPDATE_DT) 
   VALUES (1010089, 1010074, 'READERR', 1010051, CURRENT_TIMESTAMP);
  
INSERT INTO ERRREASON (ERR_REASON_TP_CD, COMPONENT_TYPE_ID, ERR_TYPE_CD, ERR_MESSAGE_TP_CD, LAST_UPDATE_DT) 
   VALUES (1010090, 1010070, 'FVERR', 1010047, CURRENT_TIMESTAMP);

INSERT INTO ERRREASON (ERR_REASON_TP_CD, COMPONENT_TYPE_ID, ERR_TYPE_CD, ERR_MESSAGE_TP_CD, LAST_UPDATE_DT) 
   VALUES (1010093, 1010070, 'FVERR', 1010048, CURRENT_TIMESTAMP);
   
INSERT INTO ERRREASON (ERR_REASON_TP_CD, COMPONENT_TYPE_ID, ERR_TYPE_CD, ERR_MESSAGE_TP_CD, LAST_UPDATE_DT) 
   VALUES (1010096, 1010070, 'UPDERR', 1010049, CURRENT_TIMESTAMP);
   
INSERT INTO ERRREASON (ERR_REASON_TP_CD, COMPONENT_TYPE_ID, ERR_TYPE_CD, ERR_MESSAGE_TP_CD, LAST_UPDATE_DT) 
   VALUES (1010099, 1010070, 'UPDERR', 1010050, CURRENT_TIMESTAMP);
 
   

----------------------------------------------
-- Error messages
----------------------------------------------
INSERT INTO CDERRMESSAGETP (LANG_TP_CD, ERR_MESSAGE_TP_CD, ERR_MESSAGE, COMMENTS, LAST_UPDATE_DT) 
   VALUES (100, 1010032, 'The following is required: CTCContractRolePrivPrefIdPK', 'The following is required: CTCContractRolePrivPrefIdPK', CURRENT_TIMESTAMP);
INSERT INTO CDERRMESSAGETP (LANG_TP_CD, ERR_MESSAGE_TP_CD, ERR_MESSAGE, COMMENTS, LAST_UPDATE_DT) 
   VALUES (100, 1010033, 'The before image for the following is empty: CTCContractRolePrivPref.', 'The before image of CTCContractRolePrivPref is empty.', CURRENT_TIMESTAMP);
INSERT INTO CDERRMESSAGETP (LANG_TP_CD, ERR_MESSAGE_TP_CD, ERR_MESSAGE, COMMENTS, LAST_UPDATE_DT) 
   VALUES (100, 1010035, 'The following transaction failed: getCTCContractRolePrivacyPreference.', 'The transaction getCTCContractRolePrivacyPreference failed.', CURRENT_TIMESTAMP);
INSERT INTO CDERRMESSAGETP (LANG_TP_CD, ERR_MESSAGE_TP_CD, ERR_MESSAGE, COMMENTS, LAST_UPDATE_DT) 
   VALUES (100, 1010037, 'The following transaction failed: getAllCTCContractRolePrivacyPreferences.', 'The transaction getAllCTCContractRolePrivacyPreferences failed.', CURRENT_TIMESTAMP);
INSERT INTO CDERRMESSAGETP (LANG_TP_CD, ERR_MESSAGE_TP_CD, ERR_MESSAGE, COMMENTS, LAST_UPDATE_DT) 
   VALUES (100, 1010039, 'Read of the following record failed: CTCContractRolePrivPref.', 'An attempt to read the CTCContractRolePrivPref failed.', CURRENT_TIMESTAMP);
INSERT INTO CDERRMESSAGETP (LANG_TP_CD, ERR_MESSAGE_TP_CD, ERR_MESSAGE, COMMENTS, LAST_UPDATE_DT) 
   VALUES (100, 1010040, 'The following is incorrect: id is null.', 'The id is null.', CURRENT_TIMESTAMP);
INSERT INTO CDERRMESSAGETP (LANG_TP_CD, ERR_MESSAGE_TP_CD, ERR_MESSAGE, COMMENTS, LAST_UPDATE_DT) 
   VALUES (100, 1010041, 'The format of the following is not correct: inquireAsOfDate.', 'The format of inquireAsOfDate is not correct.', CURRENT_TIMESTAMP);
INSERT INTO CDERRMESSAGETP (LANG_TP_CD, ERR_MESSAGE_TP_CD, ERR_MESSAGE, COMMENTS, LAST_UPDATE_DT) 
   VALUES (100, 1010043, 'Insert of the following failed: CTCContractRolePrivPref.', 'CTCContractRolePrivPref insert failed.', CURRENT_TIMESTAMP);
INSERT INTO CDERRMESSAGETP (LANG_TP_CD, ERR_MESSAGE_TP_CD, ERR_MESSAGE, COMMENTS, LAST_UPDATE_DT) 
   VALUES (100, 1010044, 'Duplicate primary key already exists.', 'Duplicate primary key already exists.', CURRENT_TIMESTAMP);
INSERT INTO CDERRMESSAGETP (LANG_TP_CD, ERR_MESSAGE_TP_CD, ERR_MESSAGE, COMMENTS, LAST_UPDATE_DT) 
   VALUES (100, 1010046, 'Update of the following failed: CTCContractRolePrivPref.', 'CTCContractRolePrivPref update failed.', CURRENT_TIMESTAMP);
INSERT INTO CDERRMESSAGETP (LANG_TP_CD, ERR_MESSAGE_TP_CD, ERR_MESSAGE, COMMENTS, LAST_UPDATE_DT) 
   VALUES (100, 1010047, 'The following is required: ContractRoleId.', 'The following is required: ContractRoleId.', CURRENT_TIMESTAMP);
INSERT INTO CDERRMESSAGETP (LANG_TP_CD, ERR_MESSAGE_TP_CD, ERR_MESSAGE, COMMENTS, LAST_UPDATE_DT) 
   VALUES (100, 1010048, 'The following is not found: ContractPartyRole.', 'The following is not found: ContractPartyRole.', CURRENT_TIMESTAMP);
INSERT INTO CDERRMESSAGETP (LANG_TP_CD, ERR_MESSAGE_TP_CD, ERR_MESSAGE, COMMENTS, LAST_UPDATE_DT) 
   VALUES (100, 1010049, 'The following cannot be updated: ContractRoleId.', 'The following cannot be updated: ContractRoleId.', CURRENT_TIMESTAMP);
INSERT INTO CDERRMESSAGETP (LANG_TP_CD, ERR_MESSAGE_TP_CD, ERR_MESSAGE, COMMENTS, LAST_UPDATE_DT) 
   VALUES (100, 1010050, 'The before image for the following is empty: CTCContractRolePrivPref.', 'The before image for the following is empty: CTCContractRolePrivPref.', CURRENT_TIMESTAMP);
INSERT INTO CDERRMESSAGETP (LANG_TP_CD, ERR_MESSAGE_TP_CD, ERR_MESSAGE, COMMENTS, LAST_UPDATE_DT) 
   VALUES (100, 1010051, 'CTCContractRolePrivPref Record Not Found.', 'CTCContractRolePrivPref Record Not Found.', CURRENT_TIMESTAMP);
   
   
----------------------------------------------
-- V_GROUP
----------------------------------------------
INSERT INTO V_GROUP (GROUP_NAME, APPLICATION, OBJECT_NAME, LAST_UPDATE_DT, SORTBY, ALIAS_NAME, PARENT_GRP_NAME ) 
  VALUES ('CTCContractRolePrivPrefBObj', 'TCRM', 'com.ctc.mdm.addition.component.CTCContractRolePrivPrefBObj', CURRENT_TIMESTAMP, 'LAST_UPDATE_DT', 'CTCCONTRACTROLEPRIVPREF', null);
  
----------------------------------------------
-- Connect V_GROUP record with CDDWLTABLETP
----------------------------------------------

INSERT INTO GROUPDWLTABLE (GROUP_DWLTABLE_ID, APPLICATION, GROUP_NAME, DWLTABLE_TP_CD, LAST_UPDATE_USER, LAST_UPDATE_DT)
VALUES (1010153, 'TCRM', 'CTCContractRolePrivPrefBObj', 314, 'cusadmin', CURRENT_TIMESTAMP);

INSERT INTO GROUPDWLTABLE (GROUP_DWLTABLE_ID, APPLICATION, GROUP_NAME, DWLTABLE_TP_CD, LAST_UPDATE_USER, LAST_UPDATE_DT)
VALUES (1010154, 'TCRM', 'CTCContractRolePrivPrefBObj', 315, 'cusadmin', CURRENT_TIMESTAMP);

INSERT INTO GROUPDWLTABLE (GROUP_DWLTABLE_ID, APPLICATION, GROUP_NAME, DWLTABLE_TP_CD, LAST_UPDATE_USER, LAST_UPDATE_DT)
VALUES (1010155, 'TCRM', 'CTCContractRolePrivPrefBObj', 316, 'cusadmin', CURRENT_TIMESTAMP);


----------------------------------------------
-- Add CTCContractRolePrivPrefBObj attributes to V_ELEMENT table
----------------------------------------------
CREATE SEQUENCE MDM114.V_ELATTR_ID_SEQ START WITH 5000000 INCREMENT BY 1 MINVALUE 5000000 MAXVALUE 5009999 CACHE 10;
Insert into V_ELEMENT (ELEMENT_NAME,APPLICATION,GROUP_NAME,ATTRIBUTE_NAME,COLUMN_NAME,FIELD_NAME,XML_TAG_NAME,EXPIRY_DT,LAST_UPDATE_DT,RESPONSE_ORDER,ELEMENTAPPNAME,ELEMENTGROUPNAME,DWLCOLUMN_TP_CD,CARDINALITY_TP_CD) values ('ObjectReferenceId','TCRM','CTCContractRolePrivPrefBObj','ObjectReferenceId',null,null,null,null,CURRENT_TIMESTAMP,null,'TCRM',null,null,null);
Insert into V_ELEMENT (ELEMENT_NAME,APPLICATION,GROUP_NAME,ATTRIBUTE_NAME,COLUMN_NAME,FIELD_NAME,XML_TAG_NAME,EXPIRY_DT,LAST_UPDATE_DT,RESPONSE_ORDER,ELEMENTAPPNAME,ELEMENTGROUPNAME,DWLCOLUMN_TP_CD,CARDINALITY_TP_CD) values ('ItemsTCRMEntityInstancePrivPrefBObj','TCRM','CTCContractRolePrivPrefBObj','ItemsTCRMEntityInstancePrivPrefBObj',null,null,null,null,CURRENT_TIMESTAMP,null,'TCRM','EntityInstancePrivPref',null,3);
Insert into V_ELEMENT (ELEMENT_NAME,APPLICATION,GROUP_NAME,ATTRIBUTE_NAME,COLUMN_NAME,FIELD_NAME,XML_TAG_NAME,EXPIRY_DT,LAST_UPDATE_DT,RESPONSE_ORDER,ELEMENTAPPNAME,ELEMENTGROUPNAME,DWLCOLUMN_TP_CD,CARDINALITY_TP_CD) values ('Status','TCRM','CTCContractRolePrivPrefBObj','Status',null,null,null,null,CURRENT_TIMESTAMP,null,'TCRM',null,null,null);
Insert into V_ELEMENT (ELEMENT_NAME,APPLICATION,GROUP_NAME,ATTRIBUTE_NAME,COLUMN_NAME,FIELD_NAME,XML_TAG_NAME,EXPIRY_DT,LAST_UPDATE_DT,RESPONSE_ORDER,ELEMENTAPPNAME,ELEMENTGROUPNAME,DWLCOLUMN_TP_CD,CARDINALITY_TP_CD) values ('ComponentID','TCRM','CTCContractRolePrivPrefBObj','ComponentID',null,null,null,null,CURRENT_TIMESTAMP,null,'TCRM',null,null,null);
Insert into V_ELEMENT (ELEMENT_NAME,APPLICATION,GROUP_NAME,ATTRIBUTE_NAME,COLUMN_NAME,FIELD_NAME,XML_TAG_NAME,EXPIRY_DT,LAST_UPDATE_DT,RESPONSE_ORDER,ELEMENTAPPNAME,ELEMENTGROUPNAME,DWLCOLUMN_TP_CD,CARDINALITY_TP_CD) values ('EntityPrivPrefLastUpdateTxId','TCRM','CTCContractRolePrivPrefBObj','EntityPrivPrefLastUpdateTxId',null,null,null,null,CURRENT_TIMESTAMP,null,'TCRM',null,3118,null);
Insert into V_ELEMENT (ELEMENT_NAME,APPLICATION,GROUP_NAME,ATTRIBUTE_NAME,COLUMN_NAME,FIELD_NAME,XML_TAG_NAME,EXPIRY_DT,LAST_UPDATE_DT,RESPONSE_ORDER,ELEMENTAPPNAME,ELEMENTGROUPNAME,DWLCOLUMN_TP_CD,CARDINALITY_TP_CD) values ('EntityPrivPrefHistEndDate','TCRM','CTCContractRolePrivPrefBObj','EntityPrivPrefHistEndDate',null,null,null,null,CURRENT_TIMESTAMP,null,'TCRM',null,2534,null);
Insert into V_ELEMENT (ELEMENT_NAME,APPLICATION,GROUP_NAME,ATTRIBUTE_NAME,COLUMN_NAME,FIELD_NAME,XML_TAG_NAME,EXPIRY_DT,LAST_UPDATE_DT,RESPONSE_ORDER,ELEMENTAPPNAME,ELEMENTGROUPNAME,DWLCOLUMN_TP_CD,CARDINALITY_TP_CD) values ('EntityPrivPrefHistCreatedBy','TCRM','CTCContractRolePrivPrefBObj','EntityPrivPrefHistCreatedBy',null,null,null,null,CURRENT_TIMESTAMP,null,'TCRM',null,2532,null);
Insert into V_ELEMENT (ELEMENT_NAME,APPLICATION,GROUP_NAME,ATTRIBUTE_NAME,COLUMN_NAME,FIELD_NAME,XML_TAG_NAME,EXPIRY_DT,LAST_UPDATE_DT,RESPONSE_ORDER,ELEMENTAPPNAME,ELEMENTGROUPNAME,DWLCOLUMN_TP_CD,CARDINALITY_TP_CD) values ('EntityPrivPrefHistCreateDate','TCRM','CTCContractRolePrivPrefBObj','EntityPrivPrefHistCreateDate',null,null,null,null,CURRENT_TIMESTAMP,null,'TCRM',null,2533,null);
Insert into V_ELEMENT (ELEMENT_NAME,APPLICATION,GROUP_NAME,ATTRIBUTE_NAME,COLUMN_NAME,FIELD_NAME,XML_TAG_NAME,EXPIRY_DT,LAST_UPDATE_DT,RESPONSE_ORDER,ELEMENTAPPNAME,ELEMENTGROUPNAME,DWLCOLUMN_TP_CD,CARDINALITY_TP_CD) values ('PrivPrefLastUpdateTxId','TCRM','CTCContractRolePrivPrefBObj','PrivPrefLastUpdateTxId',null,null,null,null,CURRENT_TIMESTAMP,null,'TCRM',null,3134,null);
Insert into V_ELEMENT (ELEMENT_NAME,APPLICATION,GROUP_NAME,ATTRIBUTE_NAME,COLUMN_NAME,FIELD_NAME,XML_TAG_NAME,EXPIRY_DT,LAST_UPDATE_DT,RESPONSE_ORDER,ELEMENTAPPNAME,ELEMENTGROUPNAME,DWLCOLUMN_TP_CD,CARDINALITY_TP_CD) values ('PrivPrefHistEndDate','TCRM','CTCContractRolePrivPrefBObj','PrivPrefHistEndDate',null,null,null,null,CURRENT_TIMESTAMP,null,'TCRM',null,2560,null);
Insert into V_ELEMENT (ELEMENT_NAME,APPLICATION,GROUP_NAME,ATTRIBUTE_NAME,COLUMN_NAME,FIELD_NAME,XML_TAG_NAME,EXPIRY_DT,LAST_UPDATE_DT,RESPONSE_ORDER,ELEMENTAPPNAME,ELEMENTGROUPNAME,DWLCOLUMN_TP_CD,CARDINALITY_TP_CD) values ('PrivPrefHistCreatedBy','TCRM','CTCContractRolePrivPrefBObj','PrivPrefHistCreatedBy',null,null,null,null,CURRENT_TIMESTAMP,null,'TCRM',null,2558,null);
Insert into V_ELEMENT (ELEMENT_NAME,APPLICATION,GROUP_NAME,ATTRIBUTE_NAME,COLUMN_NAME,FIELD_NAME,XML_TAG_NAME,EXPIRY_DT,LAST_UPDATE_DT,RESPONSE_ORDER,ELEMENTAPPNAME,ELEMENTGROUPNAME,DWLCOLUMN_TP_CD,CARDINALITY_TP_CD) values ('EntityPrivPrefHistActionCode','TCRM','CTCContractRolePrivPrefBObj','EntityPrivPrefHistActionCode',null,null,null,null,CURRENT_TIMESTAMP,null,'TCRM',null,2531,null);
Insert into V_ELEMENT (ELEMENT_NAME,APPLICATION,GROUP_NAME,ATTRIBUTE_NAME,COLUMN_NAME,FIELD_NAME,XML_TAG_NAME,EXPIRY_DT,LAST_UPDATE_DT,RESPONSE_ORDER,ELEMENTAPPNAME,ELEMENTGROUPNAME,DWLCOLUMN_TP_CD,CARDINALITY_TP_CD) values ('PrivPrefHistCreateDate','TCRM','CTCContractRolePrivPrefBObj','PrivPrefHistCreateDate',null,null,null,null,CURRENT_TIMESTAMP,null,'TCRM',null,2559,null);
Insert into V_ELEMENT (ELEMENT_NAME,APPLICATION,GROUP_NAME,ATTRIBUTE_NAME,COLUMN_NAME,FIELD_NAME,XML_TAG_NAME,EXPIRY_DT,LAST_UPDATE_DT,RESPONSE_ORDER,ELEMENTAPPNAME,ELEMENTGROUPNAME,DWLCOLUMN_TP_CD,CARDINALITY_TP_CD) values ('PrivPrefHistActionCode','TCRM','CTCContractRolePrivPrefBObj','PrivPrefHistActionCode',null,null,null,null,CURRENT_TIMESTAMP,null,'TCRM',null,2557,null);
Insert into V_ELEMENT (ELEMENT_NAME,APPLICATION,GROUP_NAME,ATTRIBUTE_NAME,COLUMN_NAME,FIELD_NAME,XML_TAG_NAME,EXPIRY_DT,LAST_UPDATE_DT,RESPONSE_ORDER,ELEMENTAPPNAME,ELEMENTGROUPNAME,DWLCOLUMN_TP_CD,CARDINALITY_TP_CD) values ('PrivPrefIdPK','TCRM','CTCContractRolePrivPrefBObj','PrivPrefIdPK',null,null,null,null,CURRENT_TIMESTAMP,null,'TCRM',null,3137,null);
Insert into V_ELEMENT (ELEMENT_NAME,APPLICATION,GROUP_NAME,ATTRIBUTE_NAME,COLUMN_NAME,FIELD_NAME,XML_TAG_NAME,EXPIRY_DT,LAST_UPDATE_DT,RESPONSE_ORDER,ELEMENTAPPNAME,ELEMENTGROUPNAME,DWLCOLUMN_TP_CD,CARDINALITY_TP_CD) values ('PrivPrefInstancePK','TCRM','CTCContractRolePrivPrefBObj','PrivPrefInstancePK',null,null,null,null,CURRENT_TIMESTAMP,null,'TCRM',null,3122,null);
Insert into V_ELEMENT (ELEMENT_NAME,APPLICATION,GROUP_NAME,ATTRIBUTE_NAME,COLUMN_NAME,FIELD_NAME,XML_TAG_NAME,EXPIRY_DT,LAST_UPDATE_DT,RESPONSE_ORDER,ELEMENTAPPNAME,ELEMENTGROUPNAME,DWLCOLUMN_TP_CD,CARDINALITY_TP_CD) values ('PrivPrefEntity','TCRM','CTCContractRolePrivPrefBObj','PrivPrefEntity',null,null,null,null,CURRENT_TIMESTAMP,null,'TCRM',null,3120,null);
Insert into V_ELEMENT (ELEMENT_NAME,APPLICATION,GROUP_NAME,ATTRIBUTE_NAME,COLUMN_NAME,FIELD_NAME,XML_TAG_NAME,EXPIRY_DT,LAST_UPDATE_DT,RESPONSE_ORDER,ELEMENTAPPNAME,ELEMENTGROUPNAME,DWLCOLUMN_TP_CD,CARDINALITY_TP_CD) values ('PrivPrefLastUpdateDate','TCRM','CTCContractRolePrivPrefBObj','PrivPrefLastUpdateDate',null,null,null,null,CURRENT_TIMESTAMP,null,'TCRM',null,3133,null);
Insert into V_ELEMENT (ELEMENT_NAME,APPLICATION,GROUP_NAME,ATTRIBUTE_NAME,COLUMN_NAME,FIELD_NAME,XML_TAG_NAME,EXPIRY_DT,LAST_UPDATE_DT,RESPONSE_ORDER,ELEMENTAPPNAME,ELEMENTGROUPNAME,DWLCOLUMN_TP_CD,CARDINALITY_TP_CD) values ('PrivPrefLastUpdateUser','TCRM','CTCContractRolePrivPrefBObj','PrivPrefLastUpdateUser',null,null,null,null,CURRENT_TIMESTAMP,null,'TCRM',null,3135,null);
Insert into V_ELEMENT (ELEMENT_NAME,APPLICATION,GROUP_NAME,ATTRIBUTE_NAME,COLUMN_NAME,FIELD_NAME,XML_TAG_NAME,EXPIRY_DT,LAST_UPDATE_DT,RESPONSE_ORDER,ELEMENTAPPNAME,ELEMENTGROUPNAME,DWLCOLUMN_TP_CD,CARDINALITY_TP_CD) values ('ValueString','TCRM','CTCContractRolePrivPrefBObj','ValueString',null,null,null,null,CURRENT_TIMESTAMP,null,'TCRM',null,3140,null);
Insert into V_ELEMENT (ELEMENT_NAME,APPLICATION,GROUP_NAME,ATTRIBUTE_NAME,COLUMN_NAME,FIELD_NAME,XML_TAG_NAME,EXPIRY_DT,LAST_UPDATE_DT,RESPONSE_ORDER,ELEMENTAPPNAME,ELEMENTGROUPNAME,DWLCOLUMN_TP_CD,CARDINALITY_TP_CD) values ('StartDate','TCRM','CTCContractRolePrivPrefBObj','StartDate',null,null,null,null,CURRENT_TIMESTAMP,null,'TCRM',null,3139,null);
Insert into V_ELEMENT (ELEMENT_NAME,APPLICATION,GROUP_NAME,ATTRIBUTE_NAME,COLUMN_NAME,FIELD_NAME,XML_TAG_NAME,EXPIRY_DT,LAST_UPDATE_DT,RESPONSE_ORDER,ELEMENTAPPNAME,ELEMENTGROUPNAME,DWLCOLUMN_TP_CD,CARDINALITY_TP_CD) values ('EndDate','TCRM','CTCContractRolePrivPrefBObj','EndDate',null,null,null,null,CURRENT_TIMESTAMP,null,'TCRM',null,3132,null);
Insert into V_ELEMENT (ELEMENT_NAME,APPLICATION,GROUP_NAME,ATTRIBUTE_NAME,COLUMN_NAME,FIELD_NAME,XML_TAG_NAME,EXPIRY_DT,LAST_UPDATE_DT,RESPONSE_ORDER,ELEMENTAPPNAME,ELEMENTGROUPNAME,DWLCOLUMN_TP_CD,CARDINALITY_TP_CD) values ('PrivPrefActOptId','TCRM','CTCContractRolePrivPrefBObj','PrivPrefActOptId',null,null,null,null,CURRENT_TIMESTAMP,null,'TCRM',null,3136,null);
Insert into V_ELEMENT (ELEMENT_NAME,APPLICATION,GROUP_NAME,ATTRIBUTE_NAME,COLUMN_NAME,FIELD_NAME,XML_TAG_NAME,EXPIRY_DT,LAST_UPDATE_DT,RESPONSE_ORDER,ELEMENTAPPNAME,ELEMENTGROUPNAME,DWLCOLUMN_TP_CD,CARDINALITY_TP_CD) values ('EntityPrivPrefLastUpdateDate','TCRM','CTCContractRolePrivPrefBObj','EntityPrivPrefLastUpdateDate',null,null,null,null,CURRENT_TIMESTAMP,null,'TCRM',null,3117,null);
Insert into V_ELEMENT (ELEMENT_NAME,APPLICATION,GROUP_NAME,ATTRIBUTE_NAME,COLUMN_NAME,FIELD_NAME,XML_TAG_NAME,EXPIRY_DT,LAST_UPDATE_DT,RESPONSE_ORDER,ELEMENTAPPNAME,ELEMENTGROUPNAME,DWLCOLUMN_TP_CD,CARDINALITY_TP_CD) values ('EntityPrivPrefLastUpdateUser','TCRM','CTCContractRolePrivPrefBObj','EntityPrivPrefLastUpdateUser',null,null,null,null,CURRENT_TIMESTAMP,null,'TCRM',null,3119,null);
Insert into V_ELEMENT (ELEMENT_NAME,APPLICATION,GROUP_NAME,ATTRIBUTE_NAME,COLUMN_NAME,FIELD_NAME,XML_TAG_NAME,EXPIRY_DT,LAST_UPDATE_DT,RESPONSE_ORDER,ELEMENTAPPNAME,ELEMENTGROUPNAME,DWLCOLUMN_TP_CD,CARDINALITY_TP_CD) values ('PrivPrefActionType','TCRM','CTCContractRolePrivPrefBObj','PrivPrefActionType',null,null,null,null,CURRENT_TIMESTAMP,null,'TCRM',null,null,null);
Insert into V_ELEMENT (ELEMENT_NAME,APPLICATION,GROUP_NAME,ATTRIBUTE_NAME,COLUMN_NAME,FIELD_NAME,XML_TAG_NAME,EXPIRY_DT,LAST_UPDATE_DT,RESPONSE_ORDER,ELEMENTAPPNAME,ELEMENTGROUPNAME,DWLCOLUMN_TP_CD,CARDINALITY_TP_CD) values ('PrivPrefCatType','TCRM','CTCContractRolePrivPrefBObj','PrivPrefCatType',null,null,null,null,CURRENT_TIMESTAMP,null,'TCRM',null,null,null);
Insert into V_ELEMENT (ELEMENT_NAME,APPLICATION,GROUP_NAME,ATTRIBUTE_NAME,COLUMN_NAME,FIELD_NAME,XML_TAG_NAME,EXPIRY_DT,LAST_UPDATE_DT,RESPONSE_ORDER,ELEMENTAPPNAME,ELEMENTGROUPNAME,DWLCOLUMN_TP_CD,CARDINALITY_TP_CD) values ('ContractRoleId','TCRM','CTCContractRolePrivPrefBObj','ContractRoleId',null,null,null,null,CURRENT_TIMESTAMP,null,'TCRM',null,3122,null);
Insert into V_ELEMENT (ELEMENT_NAME,APPLICATION,GROUP_NAME,ATTRIBUTE_NAME,COLUMN_NAME,FIELD_NAME,XML_TAG_NAME,EXPIRY_DT,LAST_UPDATE_DT,RESPONSE_ORDER,ELEMENTAPPNAME,ELEMENTGROUPNAME,DWLCOLUMN_TP_CD,CARDINALITY_TP_CD) values ('PrivPrefHistoryIdPK','TCRM','CTCContractRolePrivPrefBObj','PrivPrefHistoryIdPK',null,null,null,null,CURRENT_TIMESTAMP,null,'TCRM',null,2566,null);
Insert into V_ELEMENT (ELEMENT_NAME,APPLICATION,GROUP_NAME,ATTRIBUTE_NAME,COLUMN_NAME,FIELD_NAME,XML_TAG_NAME,EXPIRY_DT,LAST_UPDATE_DT,RESPONSE_ORDER,ELEMENTAPPNAME,ELEMENTGROUPNAME,DWLCOLUMN_TP_CD,CARDINALITY_TP_CD) values ('EntityPrivPrefHistoryIdPK','TCRM','CTCContractRolePrivPrefBObj','EntityPrivPrefHistoryIdPK',null,null,null,null,CURRENT_TIMESTAMP,null,'TCRM',null,2540,null);
Insert into V_ELEMENT (ELEMENT_NAME,APPLICATION,GROUP_NAME,ATTRIBUTE_NAME,COLUMN_NAME,FIELD_NAME,XML_TAG_NAME,EXPIRY_DT,LAST_UPDATE_DT,RESPONSE_ORDER,ELEMENTAPPNAME,ELEMENTGROUPNAME,DWLCOLUMN_TP_CD,CARDINALITY_TP_CD) values ('ContractRolePrivPrefIdPK','TCRM','CTCContractRolePrivPrefBObj','ContractRolePrivPrefIdPK',null,null,null,null,CURRENT_TIMESTAMP,null,'TCRM',null,3137,null);
Insert into V_ELEMENT (ELEMENT_NAME,APPLICATION,GROUP_NAME,ATTRIBUTE_NAME,COLUMN_NAME,FIELD_NAME,XML_TAG_NAME,EXPIRY_DT,LAST_UPDATE_DT,RESPONSE_ORDER,ELEMENTAPPNAME,ELEMENTGROUPNAME,DWLCOLUMN_TP_CD,CARDINALITY_TP_CD) values ('PrivPrefReasonValue','TCRM','CTCContractRolePrivPrefBObj','PrivPrefReasonValue',null,null,null,null,CURRENT_TIMESTAMP,null,'TCRM',null,null,null);
Insert into V_ELEMENT (ELEMENT_NAME,APPLICATION,GROUP_NAME,ATTRIBUTE_NAME,COLUMN_NAME,FIELD_NAME,XML_TAG_NAME,EXPIRY_DT,LAST_UPDATE_DT,RESPONSE_ORDER,ELEMENTAPPNAME,ELEMENTGROUPNAME,DWLCOLUMN_TP_CD,CARDINALITY_TP_CD) values ('SourceIdentValue','TCRM','CTCContractRolePrivPrefBObj','SourceIdentValue',null,null,null,null,CURRENT_TIMESTAMP,null,'TCRM',null,null,null);
Insert into V_ELEMENT (ELEMENT_NAME,APPLICATION,GROUP_NAME,ATTRIBUTE_NAME,COLUMN_NAME,FIELD_NAME,XML_TAG_NAME,EXPIRY_DT,LAST_UPDATE_DT,RESPONSE_ORDER,ELEMENTAPPNAME,ELEMENTGROUPNAME,DWLCOLUMN_TP_CD,CARDINALITY_TP_CD) values ('PrivPrefValue','TCRM','CTCContractRolePrivPrefBObj','PrivPrefValue',null,null,null,null,CURRENT_TIMESTAMP,null,'TCRM',null,null,null);
Insert into V_ELEMENT (ELEMENT_NAME,APPLICATION,GROUP_NAME,ATTRIBUTE_NAME,COLUMN_NAME,FIELD_NAME,XML_TAG_NAME,EXPIRY_DT,LAST_UPDATE_DT,RESPONSE_ORDER,ELEMENTAPPNAME,ELEMENTGROUPNAME,DWLCOLUMN_TP_CD,CARDINALITY_TP_CD) values ('PrivPrefCatValue','TCRM','CTCContractRolePrivPrefBObj','PrivPrefCatValue',null,null,null,null,CURRENT_TIMESTAMP,null,'TCRM',null,null,null);
Insert into V_ELEMENT (ELEMENT_NAME,APPLICATION,GROUP_NAME,ATTRIBUTE_NAME,COLUMN_NAME,FIELD_NAME,XML_TAG_NAME,EXPIRY_DT,LAST_UPDATE_DT,RESPONSE_ORDER,ELEMENTAPPNAME,ELEMENTGROUPNAME,DWLCOLUMN_TP_CD,CARDINALITY_TP_CD) values ('PrivPrefActionValue','TCRM','CTCContractRolePrivPrefBObj','PrivPrefActionValue',null,null,null,null,CURRENT_TIMESTAMP,null,'TCRM',null,null,null);
Insert into V_ELEMENT (ELEMENT_NAME,APPLICATION,GROUP_NAME,ATTRIBUTE_NAME,COLUMN_NAME,FIELD_NAME,XML_TAG_NAME,EXPIRY_DT,LAST_UPDATE_DT,RESPONSE_ORDER,ELEMENTAPPNAME,ELEMENTGROUPNAME,DWLCOLUMN_TP_CD,CARDINALITY_TP_CD) values ('SourceIdentType','TCRM','CTCContractRolePrivPrefBObj','SourceIdentType',null,null,null,null,CURRENT_TIMESTAMP,null,'TCRM','SourceIdentificationTypeBObj',3124,null);
Insert into V_ELEMENT (ELEMENT_NAME,APPLICATION,GROUP_NAME,ATTRIBUTE_NAME,COLUMN_NAME,FIELD_NAME,XML_TAG_NAME,EXPIRY_DT,LAST_UPDATE_DT,RESPONSE_ORDER,ELEMENTAPPNAME,ELEMENTGROUPNAME,DWLCOLUMN_TP_CD,CARDINALITY_TP_CD) values ('PrivPrefType','TCRM','CTCContractRolePrivPrefBObj','PrivPrefType',null,null,null,null,CURRENT_TIMESTAMP,null,'TCRM','PrivacyPreferenceTypeBObj',3138,null);
Insert into V_ELEMENT (ELEMENT_NAME,APPLICATION,GROUP_NAME,ATTRIBUTE_NAME,COLUMN_NAME,FIELD_NAME,XML_TAG_NAME,EXPIRY_DT,LAST_UPDATE_DT,RESPONSE_ORDER,ELEMENTAPPNAME,ELEMENTGROUPNAME,DWLCOLUMN_TP_CD,CARDINALITY_TP_CD) values ('PrivPrefReasonType','TCRM','CTCContractRolePrivPrefBObj','PrivPrefReasonType',null,null,null,null,CURRENT_TIMESTAMP,null,'TCRM','PrivacyPreferenceReasonTypeBObj',3123,null);

DROP  SEQUENCE V_ELATTR_ID_SEQ;

----------------------------------------------
-- Transactions
----------------------------------------------


----------------------------------------------
-- CDBUSINESSTXTP
----------------------------------------------
INSERT INTO CDBUSINESSTXTP (BUSINESS_TX_TP_CD, NAME, DESCRIPTION, EXPIRY_DT, LAST_UPDATE_DT, TX_LOG_IND, TX_OBJECT_TP, DEPRECATED_SINCE, DWL_PROD_TP_CD, PARENT_BUSINESS_TX_TP_CD) 
   VALUES (1010034, 'getCTCContractRolePrivacyPreference', null, null, CURRENT_TIMESTAMP, 'N', 'I', null, 1, null);

INSERT INTO CDBUSINESSTXTP (BUSINESS_TX_TP_CD, NAME, DESCRIPTION, EXPIRY_DT, LAST_UPDATE_DT, TX_LOG_IND, TX_OBJECT_TP, DEPRECATED_SINCE, DWL_PROD_TP_CD, PARENT_BUSINESS_TX_TP_CD) 
   VALUES (1010036, 'getAllCTCContractRolePrivacyPreferences', null, null, CURRENT_TIMESTAMP, 'N', 'I', null, 1, null);

INSERT INTO CDBUSINESSTXTP (BUSINESS_TX_TP_CD, NAME, DESCRIPTION, EXPIRY_DT, LAST_UPDATE_DT, TX_LOG_IND, TX_OBJECT_TP, DEPRECATED_SINCE, DWL_PROD_TP_CD, PARENT_BUSINESS_TX_TP_CD) 
   VALUES (1010038, 'getCTCContractRolePrivacyPreferenceByIdPK', null, null, CURRENT_TIMESTAMP, 'N', 'I', null, 1, null);


INSERT INTO CDBUSINESSTXTP (BUSINESS_TX_TP_CD, NAME, DESCRIPTION, EXPIRY_DT, LAST_UPDATE_DT, TX_LOG_IND, TX_OBJECT_TP, DEPRECATED_SINCE, DWL_PROD_TP_CD, PARENT_BUSINESS_TX_TP_CD) 
   VALUES (1010042, 'addCTCContractRolePrivacyPreference',  null, null, CURRENT_TIMESTAMP, 'N', 'P', null, 1, null);


INSERT INTO CDBUSINESSTXTP (BUSINESS_TX_TP_CD, NAME, DESCRIPTION, EXPIRY_DT, LAST_UPDATE_DT, TX_LOG_IND, TX_OBJECT_TP, DEPRECATED_SINCE, DWL_PROD_TP_CD, PARENT_BUSINESS_TX_TP_CD) 
   VALUES (1010045, 'updateCTCContractRolePrivacyPreference',  null, null, CURRENT_TIMESTAMP, 'N', 'P', null, 1, null);
   
 ----------------------------------------------
-- CDINTERNALTXNTP
----------------------------------------------  
INSERT INTO CDINTERNALTXNTP (INTERNAL_BUS_TX_TP, NAME, DESCRIPTION, EXPIRY_DT, LAST_UPDATE_DT, COMPONENT_TYPE_ID, PARENT_INTERNAL_BUS_TX_TP) 
   VALUES (1010158, 'getCTCContractRolePrivacyPreference', null, null, CURRENT_TIMESTAMP, 1010076, null);
 
INSERT INTO CDINTERNALTXNTP (INTERNAL_BUS_TX_TP, NAME, DESCRIPTION, EXPIRY_DT, LAST_UPDATE_DT, COMPONENT_TYPE_ID, PARENT_INTERNAL_BUS_TX_TP) 
   VALUES (1010159, 'getAllCTCContractRolePrivacyPreferences', null, null, CURRENT_TIMESTAMP, 1010076, null);
 
INSERT INTO CDINTERNALTXNTP (INTERNAL_BUS_TX_TP, NAME, DESCRIPTION, EXPIRY_DT, LAST_UPDATE_DT, COMPONENT_TYPE_ID, PARENT_INTERNAL_BUS_TX_TP) 
   VALUES (1010160, 'getCTCContractRolePrivacyPreferenceByIdPK', null, null, CURRENT_TIMESTAMP, 1010076, null);
 
INSERT INTO CDINTERNALTXNTP (INTERNAL_BUS_TX_TP, NAME, DESCRIPTION, EXPIRY_DT, LAST_UPDATE_DT, COMPONENT_TYPE_ID, PARENT_INTERNAL_BUS_TX_TP) 
   VALUES (1010161, 'addCTCContractRolePrivacyPreference', null, null, CURRENT_TIMESTAMP, 1010076, null);
 
INSERT INTO CDINTERNALTXNTP (INTERNAL_BUS_TX_TP, NAME, DESCRIPTION, EXPIRY_DT, LAST_UPDATE_DT, COMPONENT_TYPE_ID, PARENT_INTERNAL_BUS_TX_TP) 
   VALUES (1010162, 'updateCTCContractRolePrivacyPreference', null, null, CURRENT_TIMESTAMP, 1010076, null);
   
  ----------------------------------------------
-- BUSINTERNALTXN
---------------------------------------------- 
INSERT INTO BUSINTERNALTXN (BUS_INTERN_TXN_ID, BUSINESS_TX_TP_CD, INTERNAL_BUS_TX_TP, INT_TX_LOG_IND, LAST_UPDATE_DT) 
   VALUES (1010167, 1010034, 1010158, 'N', CURRENT_TIMESTAMP);
 
INSERT INTO BUSINTERNALTXN (BUS_INTERN_TXN_ID, BUSINESS_TX_TP_CD, INTERNAL_BUS_TX_TP, INT_TX_LOG_IND, LAST_UPDATE_DT) 
   VALUES (1010168, 1010036, 1010159, 'N', CURRENT_TIMESTAMP);
 
INSERT INTO BUSINTERNALTXN (BUS_INTERN_TXN_ID, BUSINESS_TX_TP_CD, INTERNAL_BUS_TX_TP, INT_TX_LOG_IND, LAST_UPDATE_DT) 
   VALUES (1010169, 1010038, 1010160, 'N', CURRENT_TIMESTAMP);
 
INSERT INTO BUSINTERNALTXN (BUS_INTERN_TXN_ID, BUSINESS_TX_TP_CD, INTERNAL_BUS_TX_TP, INT_TX_LOG_IND, LAST_UPDATE_DT) 
   VALUES (1010170, 1010042, 1010161, 'N', CURRENT_TIMESTAMP);
 
INSERT INTO BUSINTERNALTXN (BUS_INTERN_TXN_ID, BUSINESS_TX_TP_CD, INTERNAL_BUS_TX_TP, INT_TX_LOG_IND, LAST_UPDATE_DT) 
   VALUES (1010171, 1010045, 1010162, 'N', CURRENT_TIMESTAMP);

   
INSERT INTO BUSINESSTXREQRESP (BUSTX_REQRESP_ID, BUSINESS_TX_TP_CD, APPLICATION, GROUP_NAME, REQ_RESP_IND, TX_PARAM_TP_CD, PARAM_NAME, PARAM_ORDER, LAST_UPDATE_USER, LAST_UPDATE_DT, COLLECTION_IND)
values (1010181, 1010034, null, null, 'I', 5, 'aDWLControl', 1, 'cusadmin', CURRENT_TIMESTAMP, null);

INSERT INTO BUSINESSTXREQRESP (BUSTX_REQRESP_ID, BUSINESS_TX_TP_CD, APPLICATION, GROUP_NAME, REQ_RESP_IND, TX_PARAM_TP_CD, PARAM_NAME, PARAM_ORDER, LAST_UPDATE_USER, LAST_UPDATE_DT, COLLECTION_IND)
values (1010182, 1010034, 'TCRM', 'CTCContractRolePrivPrefBObj', 'O', null, null, null, 'cusadmin', CURRENT_TIMESTAMP, 'Y');

INSERT INTO BUSINESSTXREQRESP (BUSTX_REQRESP_ID, BUSINESS_TX_TP_CD, APPLICATION, GROUP_NAME, REQ_RESP_IND, TX_PARAM_TP_CD, PARAM_NAME, PARAM_ORDER, LAST_UPDATE_USER, LAST_UPDATE_DT, COLLECTION_IND)
values (1010183, 1010036, null, null, 'I', 5, 'aDWLControl', 1, 'cusadmin', CURRENT_TIMESTAMP, null);

INSERT INTO BUSINESSTXREQRESP (BUSTX_REQRESP_ID, BUSINESS_TX_TP_CD, APPLICATION, GROUP_NAME, REQ_RESP_IND, TX_PARAM_TP_CD, PARAM_NAME, PARAM_ORDER, LAST_UPDATE_USER, LAST_UPDATE_DT, COLLECTION_IND)
values (1010184, 1010036, 'TCRM', 'CTCContractRolePrivPrefBObj', 'O', null, null, null, 'cusadmin', CURRENT_TIMESTAMP, 'Y');

INSERT INTO BUSINESSTXREQRESP (BUSTX_REQRESP_ID, BUSINESS_TX_TP_CD, APPLICATION, GROUP_NAME, REQ_RESP_IND, TX_PARAM_TP_CD, PARAM_NAME, PARAM_ORDER, LAST_UPDATE_USER, LAST_UPDATE_DT, COLLECTION_IND)
values (1010185, 1010038, null, null, 'I', 1, 'CTCContractRolePrivPrefpkId', 1, 'cusadmin', CURRENT_TIMESTAMP, null);

INSERT INTO BUSINESSTXREQRESP (BUSTX_REQRESP_ID, BUSINESS_TX_TP_CD, APPLICATION, GROUP_NAME, REQ_RESP_IND, TX_PARAM_TP_CD, PARAM_NAME, PARAM_ORDER, LAST_UPDATE_USER, LAST_UPDATE_DT, COLLECTION_IND)
values (1010186, 1010038, null, null, 'I', 5, 'aDWLControl', 2, 'cusadmin', CURRENT_TIMESTAMP, null);

INSERT INTO BUSINESSTXREQRESP (BUSTX_REQRESP_ID, BUSINESS_TX_TP_CD, APPLICATION, GROUP_NAME, REQ_RESP_IND, TX_PARAM_TP_CD, PARAM_NAME, PARAM_ORDER, LAST_UPDATE_USER, LAST_UPDATE_DT, COLLECTION_IND)
values (1010187, 1010038, 'TCRM', 'CTCContractRolePrivPrefBObj', 'O', null, null, null, 'cusadmin', CURRENT_TIMESTAMP, 'N');


----------------------------------------------
-- BUSINESSTXREQRESP
----------------------------------------------  
INSERT INTO BUSINESSTXREQRESP (BUSTX_REQRESP_ID, BUSINESS_TX_TP_CD, APPLICATION, GROUP_NAME, REQ_RESP_IND, TX_PARAM_TP_CD, PARAM_NAME, PARAM_ORDER, LAST_UPDATE_USER, LAST_UPDATE_DT, COLLECTION_IND)
values (1010188, 1010042, 'TCRM', 'CTCContractRolePrivPrefBObj', 'I', null, null, 1, 'cusadmin', CURRENT_TIMESTAMP, null);

INSERT INTO BUSINESSTXREQRESP (BUSTX_REQRESP_ID, BUSINESS_TX_TP_CD, APPLICATION, GROUP_NAME, REQ_RESP_IND, TX_PARAM_TP_CD, PARAM_NAME, PARAM_ORDER, LAST_UPDATE_USER, LAST_UPDATE_DT, COLLECTION_IND)
values (1010189, 1010042, 'TCRM', 'CTCContractRolePrivPrefBObj', 'O', null, null, null, 'cusadmin', CURRENT_TIMESTAMP, 'N');
        

  
INSERT INTO BUSINESSTXREQRESP (BUSTX_REQRESP_ID, BUSINESS_TX_TP_CD, APPLICATION, GROUP_NAME, REQ_RESP_IND, TX_PARAM_TP_CD, PARAM_NAME, PARAM_ORDER, LAST_UPDATE_USER, LAST_UPDATE_DT, COLLECTION_IND)
values (1010190, 1010045, 'TCRM', 'CTCContractRolePrivPrefBObj', 'I', null, null, 1, 'cusadmin', CURRENT_TIMESTAMP, null);

INSERT INTO BUSINESSTXREQRESP (BUSTX_REQRESP_ID, BUSINESS_TX_TP_CD, APPLICATION, GROUP_NAME, REQ_RESP_IND, TX_PARAM_TP_CD, PARAM_NAME, PARAM_ORDER, LAST_UPDATE_USER, LAST_UPDATE_DT, COLLECTION_IND)
values (1010191, 1010045, 'TCRM', 'CTCContractRolePrivPrefBObj', 'O', null, null, null, 'cusadmin', CURRENT_TIMESTAMP, 'N');


----------------------------------------------
-- INTERNALTXREQRESP
----------------------------------------------
INSERT INTO INTERNALTXREQRESP (INTERNTX_REQRESP_ID, INTERNAL_BUS_TX_TP, APPLICATION, GROUP_NAME, REQ_RESP_IND, TX_PARAM_TP_CD, PARAM_NAME, PARAM_ORDER, LAST_UPDATE_USER, LAST_UPDATE_DT, COLLECTION_IND)
values (1010201, 1010158, null, null, 'I', 5, 'aDWLControl', 1, 'cusadmin', CURRENT_TIMESTAMP, null);

INSERT INTO INTERNALTXREQRESP (INTERNTX_REQRESP_ID, INTERNAL_BUS_TX_TP, APPLICATION, GROUP_NAME, REQ_RESP_IND, TX_PARAM_TP_CD, PARAM_NAME, PARAM_ORDER, LAST_UPDATE_USER, LAST_UPDATE_DT, COLLECTION_IND)
values (1010202, 1010158, 'TCRM', 'CTCContractRolePrivPrefBObj', 'O', null, null, null, 'cusadmin', CURRENT_TIMESTAMP, 'Y');

INSERT INTO INTERNALTXREQRESP (INTERNTX_REQRESP_ID, INTERNAL_BUS_TX_TP, APPLICATION, GROUP_NAME, REQ_RESP_IND, TX_PARAM_TP_CD, PARAM_NAME, PARAM_ORDER, LAST_UPDATE_USER, LAST_UPDATE_DT, COLLECTION_IND)
values (1010203, 1010159, null, null, 'I', 5, 'aDWLControl', 1, 'cusadmin', CURRENT_TIMESTAMP, null);

INSERT INTO INTERNALTXREQRESP (INTERNTX_REQRESP_ID, INTERNAL_BUS_TX_TP, APPLICATION, GROUP_NAME, REQ_RESP_IND, TX_PARAM_TP_CD, PARAM_NAME, PARAM_ORDER, LAST_UPDATE_USER, LAST_UPDATE_DT, COLLECTION_IND)
values (1010204, 1010159, 'TCRM', 'CTCContractRolePrivPrefBObj', 'O', null, null, null, 'cusadmin', CURRENT_TIMESTAMP, 'Y');

INSERT INTO INTERNALTXREQRESP (INTERNTX_REQRESP_ID, INTERNAL_BUS_TX_TP, APPLICATION, GROUP_NAME, REQ_RESP_IND, TX_PARAM_TP_CD, PARAM_NAME, PARAM_ORDER, LAST_UPDATE_USER, LAST_UPDATE_DT, COLLECTION_IND)
values (1010205, 1010160, null, null, 'I', 1, 'CTCContractRolePrivPrefpkId', 1, 'cusadmin', CURRENT_TIMESTAMP, null);

INSERT INTO INTERNALTXREQRESP (INTERNTX_REQRESP_ID, INTERNAL_BUS_TX_TP, APPLICATION, GROUP_NAME, REQ_RESP_IND, TX_PARAM_TP_CD, PARAM_NAME, PARAM_ORDER, LAST_UPDATE_USER, LAST_UPDATE_DT, COLLECTION_IND)
values (1010206, 1010160, null, null, 'I', 5, 'aDWLControl', 2, 'cusadmin', CURRENT_TIMESTAMP, null);

INSERT INTO INTERNALTXREQRESP (INTERNTX_REQRESP_ID, INTERNAL_BUS_TX_TP, APPLICATION, GROUP_NAME, REQ_RESP_IND, TX_PARAM_TP_CD, PARAM_NAME, PARAM_ORDER, LAST_UPDATE_USER, LAST_UPDATE_DT, COLLECTION_IND)
values (1010207, 1010160, 'TCRM', 'CTCContractRolePrivPrefBObj', 'O', null, null, null, 'cusadmin', CURRENT_TIMESTAMP, 'N');

  
INSERT INTO INTERNALTXREQRESP (INTERNTX_REQRESP_ID, INTERNAL_BUS_TX_TP, APPLICATION, GROUP_NAME, REQ_RESP_IND, TX_PARAM_TP_CD, PARAM_NAME, PARAM_ORDER, LAST_UPDATE_USER, LAST_UPDATE_DT, COLLECTION_IND)
values (1010208, 1010161, 'TCRM', 'CTCContractRolePrivPrefBObj', 'I', null, null, 1, 'cusadmin', CURRENT_TIMESTAMP, null);

INSERT INTO INTERNALTXREQRESP (INTERNTX_REQRESP_ID, INTERNAL_BUS_TX_TP, APPLICATION, GROUP_NAME, REQ_RESP_IND, TX_PARAM_TP_CD, PARAM_NAME, PARAM_ORDER, LAST_UPDATE_USER, LAST_UPDATE_DT, COLLECTION_IND)
values (1010209, 1010161, 'TCRM', 'CTCContractRolePrivPrefBObj', 'O', null, null, null, 'cusadmin', CURRENT_TIMESTAMP, 'N');
        
  
INSERT INTO INTERNALTXREQRESP (INTERNTX_REQRESP_ID, INTERNAL_BUS_TX_TP, APPLICATION, GROUP_NAME, REQ_RESP_IND, TX_PARAM_TP_CD, PARAM_NAME, PARAM_ORDER, LAST_UPDATE_USER, LAST_UPDATE_DT, COLLECTION_IND)
values (1010210, 1010162, 'TCRM', 'CTCContractRolePrivPrefBObj', 'I', null, null, 1, 'cusadmin', CURRENT_TIMESTAMP, null);

INSERT INTO INTERNALTXREQRESP (INTERNTX_REQRESP_ID, INTERNAL_BUS_TX_TP, APPLICATION, GROUP_NAME, REQ_RESP_IND, TX_PARAM_TP_CD, PARAM_NAME, PARAM_ORDER, LAST_UPDATE_USER, LAST_UPDATE_DT, COLLECTION_IND)
values (1010211, 1010162, 'TCRM', 'CTCContractRolePrivPrefBObj', 'O', null, null, null, 'cusadmin', CURRENT_TIMESTAMP, 'N');


----------------------------------------------
-- GROUPTXMAP
----------------------------------------------


INSERT INTO GROUPTXMAP (ENTITY_TX_MAP_ID, GROUP_NAME, APPLICATION, BUSINESS_TX_TP_CD, LAST_UPDATE_DT ) 
   VALUES (1010213, 'CTCContractRolePrivPrefBObj', 'TCRM', 1010038, CURRENT_TIMESTAMP);
   
commit;
exit;